-3.14159265358979,-40
-3.140021857263,-40
-3.1384510609362,-40
-3.13688026460941,-40
-3.13530946828261,-40
-3.13373867195582,-40
-3.13216787562902,-40
-3.13059707930223,-40
-3.12902628297543,-40
-3.12745548664864,-40
-3.12588469032184,-40
-3.12431389399505,-40
-3.12274309766825,-40
-3.12117230134146,-40
-3.11960150501466,-40
-3.11803070868787,-40
-3.11645991236107,-40
-3.11488911603428,-40
-3.11331831970748,-40
-3.11174752338069,-40
-3.1101767270539,-40
-3.1086059307271,-40
-3.10703513440031,-40
-3.10546433807351,-39.8862016169515
-3.10389354174672,-39.5416433260365
-3.10232274541992,-39.2477707960485
-3.10075194909313,-39.0022508307146
-3.09918115276633,-38.8027980907679
-3.09761035643954,-38.6470428933793
-3.09603956011274,-38.5323751715686
-3.09446876378595,-38.4557558011205
-3.09289796745915,-38.4134874857422
-3.09132717113236,-38.4009411194976
-3.08975637480556,-38.4122425494901
-3.08818557847877,-38.4399424880142
-3.08661478215197,-38.4747226876461
-3.08504398582518,-38.5052353307447
-3.08347318949838,-38.5182217061599
-3.08190239317159,-38.4990845023726
-3.08033159684479,-38.433047954235
-3.078760800518,-38.3068825373546
-3.0771900041912,-38.1109009404836
-3.07561920786441,-37.8406688516967
-3.07404841153761,-37.4978225223929
-3.07247761521082,-37.08966695299
-3.07090681888402,-36.6277159669928
-3.06933602255723,-36.1257192352261
-3.06776522623043,-35.5977855975266
-3.06619442990364,-35.0570003893262
-3.06462363357684,-34.5146467046208
-3.06305283725005,-33.9799372640301
-3.06148204092325,-33.4600859041171
-3.05991124459646,-32.9605578543326
-3.05834044826966,-32.4853837695737
-3.05676965194287,-32.0374698218876
-3.05519885561607,-31.618871427871
-3.05362805928928,-31.2310199948455
-3.05205726296248,-30.8749036168912
-3.05048646663569,-30.5512077094075
-3.04891567030889,-30.2604230327656
-3.0473448739821,-30.0029282715642
-3.0457740776553,-29.7790533547089
-3.04420328132851,-29.5891285588301
-3.04263248500171,-29.4335233740167
-3.04106168867492,-29.3126782109742
-3.03949089234812,-29.2271313001473
-3.03792009602133,-29.1775425482163
-3.03634929969453,-29.1647156310464
-3.03477850336774,-29.1896191577906
-3.03320770704095,-29.2534072646818
-3.03163691071415,-29.3574393840091
-3.03006611438736,-29.5032980200505
-3.02849531806056,-29.6928018776765
-3.02692452173377,-29.9280091637154
-3.02535372540697,-30.2112014966883
-3.02378292908018,-30.5448311686911
-3.02221213275338,-30.9314009479586
-3.02064133642659,-31.3732217550297
-3.01907054009979,-31.8719520174395
-3.017499743773,-32.4277523114332
-3.0159289474462,-33.0377782151305
-3.01435815111941,-33.6935879456015
-3.01278735479261,-34.3769451618478
-3.01121655846582,-35.0537942725953
-3.00964576213902,-35.6677666820871
-3.00807496581223,-36.1386336760263
-3.00650416948543,-36.3759905010154
-3.00493337315864,-36.3135912977922
-3.00336257683184,-35.9456105591029
-3.00179178050505,-35.3302569160947
-3.00022098417825,-34.5567827769506
-2.99865018785146,-33.7086955729592
-2.99707939152466,-32.8465687467757
-2.99550859519787,-32.0078336226803
-2.99393779887107,-31.2129741379347
-2.99236700254428,-30.4718007967912
-2.99079620621748,-29.7879603345824
-2.98922540989069,-29.1617628604663
-2.98765461356389,-28.5918396273374
-2.9860838172371,-28.0760792452592
-2.9845130209103,-27.6121422807357
-2.98294222458351,-27.1977362222452
-2.98137142825671,-26.8307565753313
-2.97980063192992,-26.5093544238745
-2.97822983560312,-26.2319646426007
-2.97665903927633,-25.9973141093173
-2.97508824294953,-25.8044208981329
-2.97351744662274,-25.6525907353853
-2.97194665029594,-25.5414143828487
-2.97037585396915,-25.4707681878802
-2.96880505764235,-25.4408193087594
-2.96723426131556,-25.4520368063679
-2.96566346498876,-25.5052097343489
-2.96409266866197,-25.6014734704437
-2.96252187233517,-25.7423457566158
-2.96095107600838,-25.9297742059365
-2.95938027968158,-26.1661973153333
-2.95780948335479,-26.4546211397324
-2.956238687028,-26.7987133859807
-2.9546678907012,-27.2029149857283
-2.95309709437441,-27.6725644221467
-2.95152629804761,-28.2140181598367
-2.94995550172082,-28.8347221306775
-2.94838470539402,-29.5431226216966
-2.94681390906723,-30.348149006096
-2.94524311274043,-31.257636465217
-2.94367231641364,-32.274221686126
-2.94210152008684,-33.3854720010282
-2.94053072376005,-34.5421752088914
-2.93895992743325,-35.6192838312874
-2.93738913110646,-36.3806449906635
-2.93581833477966,-36.5454959577662
-2.93424753845287,-36.0162327102451
-2.93267674212607,-34.9855417871163
-2.93110594579928,-33.7376397700032
-2.92953514947248,-32.4674447027841
-2.92796435314569,-31.2669494933011
-2.92639355681889,-30.1683779521324
-2.9248227604921,-29.1769414418461
-2.9232519641653,-28.2873651827793
-2.92168116783851,-27.4911177334008
-2.92011037151171,-26.7793398783436
-2.91853957518492,-26.1439249899829
-2.91696877885812,-25.5778336305732
-2.91539798253133,-25.0751050768176
-2.91382718620453,-24.6307608445711
-2.91225638987774,-24.2406809430898
-2.91068559355094,-23.9014847499052
-2.90911479722415,-23.6104276603527
-2.90754400089735,-23.3653160810855
-2.90597320457056,-23.1644400306155
-2.90440240824376,-23.0065215839755
-2.90283161191697,-22.8906773367224
-2.90126081559017,-22.8163933915156
-2.89969001926338,-22.783511846712
-2.89811922293658,-22.7922283007335
-2.89654842660979,-22.8431004595372
-2.89497763028299,-22.9370685647129
-2.8934068339562,-23.0754890861797
-2.8918360376294,-23.2601840039536
-2.89026524130261,-23.4935091142329
-2.88869444497581,-23.7784462303821
-2.88712364864902,-24.1187260125238
-2.88555285232222,-24.5189905234127
-2.88398205599543,-24.9850073903038
-2.88241125966864,-25.5239500456948
-2.88084046334184,-26.1447587430995
-2.87926966701505,-26.8585881425493
-2.87769887068825,-27.6793091682948
-2.87612807436146,-28.6239060072837
-2.87455727803466,-29.7122138834192
-2.87298648170787,-30.9642291436116
-2.87141568538107,-32.3895370043902
-2.86984488905428,-33.9530664396783
-2.86827409272748,-35.4824339267804
-2.86670329640069,-36.5217721241474
-2.86513250007389,-36.4793746019564
-2.8635617037471,-35.3529048580959
-2.8619909074203,-33.7329775650043
-2.86042011109351,-32.0771783764632
-2.85884931476671,-30.5590356360508
-2.85727851843992,-29.2140198321568
-2.85570772211312,-28.0326318405043
-2.85413692578633,-26.9948585165775
-2.85256612945953,-26.0808182752196
-2.85099533313274,-25.2734741834641
-2.84942453680594,-24.5589028661599
-2.84785374047915,-23.9258989262558
-2.84628294415235,-23.3654729105012
-2.84471214782556,-22.8704031414728
-2.84314135149876,-22.4348740876525
-2.84157055517197,-22.0541955823447
-2.83999975884517,-21.7245882158857
-2.83842896251838,-21.4430204270655
-2.83685816619158,-21.2070854133945
-2.83528736986479,-21.0149087713725
-2.83371657353799,-20.8650801569102
-2.8321457772112,-20.7566041404354
-2.8305749808844,-20.688866897217
-2.82900418455761,-20.6616165299965
-2.82743338823081,-20.6749557718777
-2.82586259190402,-20.7293466544119
-2.82429179557722,-20.8256275329522
-2.82272099925043,-20.9650437231321
-2.82115020292363,-21.1492940145442
-2.81957940659684,-21.3805966114246
-2.81800861027004,-21.6617797707284
-2.81643781394325,-21.996404801217
-2.81486701761645,-22.3889324943741
-2.81329622128966,-22.8449489650271
-2.81172542496286,-23.3714739322302
-2.81015462863607,-23.9773843541261
-2.80858383230927,-24.6739991147433
-2.80701303598248,-25.4758830330217
-2.80544223965569,-26.4019251479689
-2.80387144332889,-27.4766645939054
-2.8023006470021,-28.7314397434926
-2.8007298506753,-30.2033072668889
-2.79915905434851,-31.923233453566
-2.79758825802171,-33.8607661469564
-2.79601746169492,-35.7271771185719
-2.79444666536812,-36.6463672132796
-2.79287586904133,-35.8270739652354
-2.79130507271453,-33.9371260410496
-2.78973427638774,-31.9123619851162
-2.78816348006094,-30.0918196369144
-2.78659268373415,-28.5206439164202
-2.78502188740735,-27.1704595378686
-2.78345109108056,-26.003895642582
-2.78188029475376,-24.9888040637038
-2.78030949842697,-24.0998930066473
-2.77873870210017,-23.3176688995411
-2.77716790577338,-22.6270955774226
-2.77559710944658,-22.016484100095
-2.77402631311979,-21.4766604494084
-2.77245551679299,-21.0003592656975
-2.7708847204662,-20.5817844067557
-2.7693139241394,-20.2162891057789
-2.76774312781261,-19.9001415194707
-2.76617233148581,-19.6303516745075
-2.76460153515902,-19.404543146327
-2.76303073883222,-19.2208579046578
-2.76145994250543,-19.0778862953928
-2.75988914617863,-18.9746166015041
-2.75831834985184,-18.9104003914133
-2.75674755352504,-18.8849311664496
-2.75517675719825,-18.8982348308658
-2.75360596087145,-18.9506713531446
-2.75203516454466,-19.0429477649004
-2.75046436821786,-19.1761434425986
-2.74889357189107,-19.3517495312508
-2.74732277556427,-19.5717255126103
-2.74575197923748,-19.8385774491867
-2.74418118291068,-20.155464578199
-2.74261038658389,-20.526344035831
-2.74103959025709,-20.9561681095225
-2.7394687939303,-21.4511554131046
-2.7378979976035,-22.0191681292711
-2.73632720127671,-22.6702440692359
-2.73475640494991,-23.4173576611427
-2.73318560862312,-24.2775207012576
-2.73161481229633,-25.2733774404549
-2.73004401596953,-26.43545672561
-2.72847321964274,-27.8049933368383
-2.72690242331594,-29.4356500389431
-2.72533162698915,-31.3843603987685
-2.72376083066235,-33.6421212961722
-2.72219003433556,-35.8113589547302
-2.72061923800876,-36.5198599041217
-2.71904844168197,-34.9855872207874
-2.71747764535517,-32.6222120888183
-2.71590684902838,-30.4097538332196
-2.71433605270158,-28.528419205018
-2.71276525637479,-26.9446718685875
-2.71119446004799,-25.5998888438672
-2.7096236637212,-24.4450228702739
-2.7080528673944,-23.4432107557899
-2.70648207106761,-22.5671866946169
-2.70491127474081,-21.796621948492
-2.70334047841402,-21.1161376609266
-2.70176968208722,-20.5139187949091
-2.70019888576043,-19.980758492448
-2.69862808943363,-19.5093946770846
-2.69705729310684,-19.0940434593211
-2.69548649678004,-18.7300661387344
-2.69391570045325,-18.4137282290031
-2.69234490412645,-18.1420229886745
-2.69077410779966,-17.9125410419731
-2.68920331147286,-17.723373618247
-2.68763251514607,-17.57304087912
-2.68606171881927,-17.4604394654285
-2.68449092249248,-17.3848052397883
-2.68292012616568,-17.3456885182632
-2.68134932983889,-17.3429400682537
-2.67977853351209,-17.3767069306769
-2.6782077371853,-17.4474377986859
-2.6766369408585,-17.5558983306509
-2.67506614453171,-17.7031974654264
-2.67349534820491,-17.8908266246743
-2.67192455187812,-18.120714734336
-2.67035375555132,-18.3953034220448
-2.66878295922453,-18.7176487697808
-2.66721216289773,-19.0915589661969
-2.66564136657094,-19.5217816657976
-2.66407057024414,-20.0142617356439
-2.66249977391735,-20.5765008813598
-2.66092897759055,-21.2180679687503
-2.65935818126376,-21.9513370096669
-2.65778738493696,-22.7925756572994
-2.65621658861017,-23.7635798703442
-2.65464579228338,-24.8941529645759
-2.65307499595658,-26.2258001476078
-2.65150419962979,-27.8166207365754
-2.64993340330299,-29.7439667749045
-2.6483626069762,-32.079850861363
-2.6467918106494,-34.6918655529716
-2.64522101432261,-36.4160903841144
-2.64365021799581,-35.3685037918476
-2.64207942166902,-32.7717936679756
-2.64050862534222,-30.2663145378721
-2.63893782901543,-28.1711917702658
-2.63736703268863,-26.4378252517267
-2.63579623636184,-24.9848489339903
-2.63422544003504,-23.7481850837518
-2.63265464370825,-22.6817845614757
-2.63108384738145,-21.7526876276712
-2.62951305105466,-20.9369132875497
-2.62794225472786,-20.2166500999035
-2.62637145840107,-19.5784020039878
-2.62480066207427,-19.011758715521
-2.62322986574748,-18.5085666057597
-2.62165906942068,-18.0623584285672
-2.62008827309389,-17.667953282971
-2.61851747676709,-17.3211708465795
-2.6169466804403,-17.0186239522004
-2.6153758841135,-16.7575660180026
-2.61380508778671,-16.5357776965349
-2.61223429145991,-16.3514821669559
-2.61066349513312,-16.2032818220199
-2.60909269880632,-16.0901113389516
-2.60752190247953,-16.0112036661603
-2.60595110615273,-15.9660665539079
-2.60438030982594,-15.9544680668493
-2.60280951349914,-15.9764301473793
-2.60123871717235,-16.0322298274005
-2.59966792084555,-16.1224081718969
-2.59809712451876,-16.2477875330817
-2.59652632819196,-16.4094982531008
-2.59495553186517,-16.6090166412235
-2.59338473553837,-16.8482169552956
-2.59181393921158,-17.1294413633002
-2.59024314288478,-17.4555936417091
-2.58867234655799,-17.8302649867791
-2.58710155023119,-18.2579042659711
-2.5855307539044,-18.7440511384686
-2.5839599575776,-19.295660118352
-2.58238916125081,-19.9215592547368
-2.58081836492402,-20.6331129084113
-2.57924756859722,-21.4452016205652
-2.57767677227043,-22.3777062068192
-2.57610597594363,-23.4578075585411
-2.57453517961684,-24.7236021321166
-2.57296438329004,-26.2296885605398
-2.57139358696325,-28.0545982090086
-2.56982279063645,-30.3018601081234
-2.56825199430966,-33.0271020224002
-2.56668119798286,-35.68379188162
-2.56511040165607,-35.9256870866731
-2.56353960532927,-33.3968048544667
-2.56196880900248,-30.5753068685321
-2.56039801267568,-28.2162854154361
-2.55882721634889,-26.2948632045662
-2.55725642002209,-24.7059107785452
-2.5556856236953,-23.366762950387
-2.5541148273685,-22.2197116150189
-2.55254403104171,-21.2245633717279
-2.55097323471491,-20.3527211170413
-2.54940243838812,-19.583319518359
-2.54783164206132,-18.9007676036107
-2.54626084573453,-18.293167354784
-2.54469004940773,-17.75127300602
-2.54311925308094,-17.2677892796143
-2.54154845675414,-16.8368869526886
-2.53997766042735,-16.4538611962567
-2.53840686410055,-16.1148859618886
-2.53683606777376,-15.8168344624059
-2.53526527144696,-15.5571461222402
-2.53369447512017,-15.3337268805066
-2.53212367879337,-15.1448739224673
-2.53055288246658,-14.9892186764057
-2.52898208613978,-14.8656837720595
-2.52741128981299,-14.7734509375469
-2.52584049348619,-14.7119377170213
-2.5242696971594,-14.6807815514164
-2.5226989008326,-14.6798302658781
-2.52112810450581,-14.7091384093863
-2.51955730817901,-14.7689692383892
-2.51798651185222,-14.8598024622213
-2.51641571552542,-14.9823482058574
-2.51484491919863,-15.1375680291646
-2.51327412287183,-15.3267043123193
-2.51170332654504,-15.5513199293075
-2.51013253021824,-15.8133509640409
-2.50856173389145,-16.1151763944591
-2.50699093756465,-16.4597103618838
-2.50542014123786,-16.8505251470381
-2.50384934491107,-17.2920167660359
-2.50227854858427,-17.7896309741425
-2.50070775225748,-18.3501767833141
-2.49913695593068,-18.9822697474021
-2.49756615960389,-19.6969725218922
-2.49599536327709,-20.5087433516478
-2.4944245669503,-21.4368783916785
-2.4928537706235,-22.5077659995308
-2.49128297429671,-23.7584958242244
-2.48971217796991,-25.2426785208702
-2.48814138164312,-27.0392710287686
-2.48657058531632,-29.26075622274
-2.48499978898953,-32.016805929304
-2.48342899266273,-34.9971285391898
-2.48185819633594,-35.9112671587144
-2.48028740000914,-33.4477110582643
-2.47871660368235,-30.4382729896112
-2.47714580735555,-27.9339975623538
-2.47557501102876,-25.9154395948007
-2.47400421470196,-24.2587592809921
-2.47243341837517,-22.8692341357008
-2.47086262204837,-21.6822943755142
-2.46929182572158,-20.6537490349238
-2.46772102939478,-19.7525590009454
-2.46615023306799,-18.9562920442958
-2.46457943674119,-18.2483039474081
-2.4630086404144,-17.6159570221079
-2.4614378440876,-17.049463728334
-2.45986704776081,-16.5411151833475
-2.45829625143401,-16.0847530251767
-2.45672545510722,-15.6753993184459
-2.45515465878042,-15.3089917451956
-2.45358386245363,-14.9821906157773
-2.45201306612683,-14.6922359578446
-2.45044226980004,-14.4368402430647
-2.44887147347324,-14.2141069677103
-2.44730067714645,-14.0224683400807
-2.44572988081965,-13.8606373506788
-2.44415908449286,-13.727570876661
-2.44258828816606,-13.6224414268393
-2.44101749183927,-13.544615810715
-2.43944669551247,-13.4936395072134
-2.43787589918568,-13.4692258773398
-2.43630510285888,-13.4712496517354
-2.43473430653209,-13.4997443588318
-2.43316351020529,-13.5549035644092
-2.4315927138785,-13.6370859872437
-2.4300219175517,-13.7468247550948
-2.42845112122491,-13.884841288205
-2.42688032489812,-14.0520645645834
-2.42530952857132,-14.2496568596225
-2.42373873224453,-14.4790474994373
-2.42216793591773,-14.7419767769188
-2.42059713959094,-15.0405530330456
-2.41902634326414,-15.3773271282513
-2.41745554693735,-15.7553903159097
-2.41588475061055,-16.1785041980221
-2.41431395428376,-16.6512755115277
-2.41274315795696,-17.1793948377508
-2.41117236163017,-17.7699684584086
-2.40960156530337,-18.4319891738188
-2.40803076897658,-19.177019799288
-2.40645997264978,-20.020211221728
-2.40488917632299,-20.9818619942822
-2.40331837999619,-22.0898785213845
-2.4017475836694,-23.383759624697
-2.4001767873426,-24.9211153937394
-2.39860599101581,-26.7877203161747
-2.39703519468901,-29.1067969998761
-2.39546439836222,-31.9918007420447
-2.39389360203542,-35.0020581260723
-2.39232280570863,-35.4299986145878
-2.39075200938183,-32.6262737044475
-2.38918121305504,-29.6046801510119
-2.38761041672824,-27.1440500123234
-2.38603962040145,-25.1653255700552
-2.38446882407465,-23.5384524577239
-2.38289802774786,-22.1700905806903
-2.38132723142106,-20.9975430435767
-2.37975643509427,-19.9780464332534
-2.37818563876747,-19.0815565494402
-2.37661484244068,-18.2863242297067
-2.37504404611388,-17.5761752852385
-2.37347324978709,-16.938796412262
-2.37190245346029,-16.3646229859968
-2.3703316571335,-15.8460964431051
-2.3687608608067,-15.3771551728738
-2.36719006447991,-14.9528770854236
-2.36561926815311,-14.5692232804704
-2.36404847182632,-14.2228507215456
-2.36247767549952,-13.9109730413994
-2.36090687917273,-13.631255592401
-2.35933608284593,-13.3817353129018
-2.35776528651914,-13.1607588873535
-2.35619449019234,-12.9669346133338
-2.35462369386555,-12.7990947023638
-2.35305289753876,-12.6562656497091
-2.35148210121196,-12.5376449475864
-2.34991130488517,-12.4425828741895
-2.34834050855837,-12.3705684253058
-2.34676971223158,-12.321218704591
-2.34519891590478,-12.2942712791997
-2.34362811957799,-12.2895791579246
-2.34205732325119,-12.3071081727082
-2.3404865269244,-12.3469366515363
-2.3389157305976,-12.4092573695876
-2.33734493427081,-12.4943818634144
-2.33577413794401,-12.6027472970883
-2.33420334161722,-12.7349261875997
-2.33263254529042,-12.8916394388984
-2.33106174896363,-13.0737733122097
-2.32949095263683,-13.2824011915552
-2.32792015631004,-13.5188113116648
-2.32634935998324,-13.7845420354004
-2.32477856365645,-14.0814268510568
-2.32320776732965,-14.4116520845915
-2.32163697100286,-14.7778315088454
-2.32006617467606,-15.1831037714509
-2.31849537834927,-15.6312611617625
-2.31692458202247,-16.1269221982135
-2.31535378569568,-16.675766688212
-2.31378298936888,-17.2848617527325
-2.31221219304209,-17.9631233949337
-2.31064139671529,-18.7219851874722
-2.3090706003885,-19.5763921480733
-2.3074998040617,-20.5463198090891
-2.30592900773491,-21.6591645577178
-2.30435821140811,-22.9536052871676
-2.30278741508132,-24.4859091346965
-2.30121661875452,-26.3396784002282
-2.29964582242773,-28.6352917726943
-2.29807502610093,-31.4892528903529
-2.29650422977414,-34.525379250467
-2.29493343344734,-35.1725707990209
-2.29336263712055,-32.4726978810433
-2.29179184079375,-29.4366233183953
-2.29022104446696,-26.9491680627702
-2.28865024814016,-24.9474646046591
-2.28707945181337,-23.3013082012016
-2.28550865548657,-21.9158445104532
-2.28393785915978,-20.7272134657328
-2.28236706283298,-19.6918689251586
-2.28079626650619,-18.7792400686258
-2.27922547017939,-17.9672120782623
-2.2776546738526,-17.2393460050992
-2.27608387752581,-16.5831277770791
-2.27451308119901,-15.9888330342281
-2.27294228487222,-15.4487698581588
-2.27137148854542,-14.9567600193155
-2.26980069221863,-14.5077749788786
-2.26822989589183,-14.0976749168661
-2.26665909956504,-13.7230179874765
-2.26508830323824,-13.3809184854801
-2.26351750691145,-13.0689397514967
-2.26194671058465,-12.7850121956742
-2.26037591425786,-12.5273697840435
-2.25880511793106,-12.2945003027843
-2.25723432160427,-12.0851060509325
-2.25566352527747,-11.8980725326163
-2.25409272895068,-11.7324433650489
-2.25252193262388,-11.5874000775625
-2.25095113629709,-11.4622458084844
-2.24938033997029,-11.3563921494756
-2.2478095436435,-11.2693485674006
-2.2462387473167,-11.200713969907
-2.24466795098991,-11.1501700852865
-2.24309715466311,-11.1174764087904
-2.24152635833632,-11.1024665328587
-2.23995556200952,-11.1050457324873
-2.23838476568273,-11.1251897228697
-2.23681396935593,-11.1629445474247
-2.23524317302914,-11.21842759285
-2.23367237670234,-11.2918297661627
-2.23210158037555,-11.3834189090539
-2.23053078404875,-11.493544569695
-2.22895998772196,-11.6226443042308
-2.22738919139516,-11.7712517430616
-2.22581839506837,-11.9400067351967
-2.22424759874157,-12.1296679835746
-2.22267680241478,-12.341128713633
-2.22110600608798,-12.5754360883925
-2.21953520976119,-12.833815312645
-2.21796441343439,-13.1176996809058
-2.2163936171076,-13.4287682544418
-2.2148228207808,-13.7689934556761
-2.21325202445401,-14.1407017252148
-2.21168122812721,-14.5466516241801
-2.21011043180042,-14.9901355818785
-2.20853963547362,-15.4751142068498
-2.20696883914683,-16.0063962247145
-2.20539804282003,-16.589883562674
-2.20382724649324,-17.2329113838953
-2.20225645016644,-17.9447296420511
-2.20068565383965,-18.7372007186118
-2.19911485751286,-19.6258354645078
-2.19754406118606,-20.6313726471008
-2.19597326485927,-21.7822489410709
-2.19440246853247,-23.118532712306
-2.19283167220568,-24.6981250927288
-2.19126087587888,-26.6053345955545
-2.18969007955209,-28.953229173327
-2.18811928322529,-31.8022845430877
-2.1865484868985,-34.5063852532683
-2.1849776905717,-34.4603723180498
-2.18340689424491,-31.7188698739559
-2.18183609791811,-28.8643903380641
-2.18026530159132,-26.5124231723105
-2.17869450526452,-24.5984686223342
-2.17712370893773,-23.0097696161572
-2.17555291261093,-21.6625760979163
-2.17398211628414,-20.499364337688
-2.17241131995734,-19.4802870975706
-2.17084052363055,-18.5770266907365
-2.16926972730375,-17.7688987408292
-2.16769893097696,-17.040405168954
-2.16612813465016,-16.3796685919896
-2.16455733832337,-15.7774047152714
-2.16298654199657,-15.2262299168939
-2.16141574566978,-14.7201829677578
-2.15984494934298,-14.2543870591991
-2.15827415301619,-13.824806001946
-2.15670335668939,-13.428065054952
-2.1551325603626,-13.0613170251764
-2.1535617640358,-12.722140675266
-2.15199096770901,-12.4084625841003
-2.15042017138221,-12.1184962995361
-2.14884937505542,-11.8506944244787
-2.14727857872862,-11.6037105042897
-2.14570778240183,-11.3763684329647
-2.14413698607503,-11.1676376927541
-2.14256618974824,-10.9766131679236
-2.14099539342144,-10.8024985812977
-2.13942459709465,-10.6445928276271
-2.13785380076785,-10.5022786447652
-2.13628300444106,-10.3750131886267
-2.13471220811426,-10.2623201725326
-2.13314141178747,-10.1637833038802
-2.13157061546067,-10.0790408069822
-2.12999981913388,-10.0077808645398
-2.12842902280708,-9.94973784465007
-2.12685822648029,-9.90468920773066
-2.1252874301535,-9.87245300998437
-2.1237166338267,-9.85288593829966
-2.12214583749991,-9.84588182677249
-2.12057504117311,-9.8513706181197
-2.11900424484632,-9.86931774475702
-2.11743344851952,-9.89972391474981
-2.11586265219273,-9.9426252976661
-2.11429185586593,-9.99809411497245
-2.11272105953914,-10.066239649414
-2.11115026321234,-10.1472096982219
-2.10957946688555,-10.2411925064264
-2.10800867055875,-10.3484192295518
-2.10643787423196,-10.4691669901261
-2.10486707790516,-10.6037626105452
-2.10329628157837,-10.7525871268034
-2.10172548525157,-10.9160812147725
-2.10015468892478,-11.0947516946486
-2.09858389259798,-11.2891793221656
-2.09701309627119,-11.5000281301416
-2.09544229994439,-11.728056654941
-2.0938715036176,-11.9741314751579
-2.0923007072908,-12.2392436120538
-2.09072991096401,-12.5245285041427
-2.08915911463721,-12.8312904875951
-2.08758831831042,-13.1610330128562
-2.08601752198362,-13.5154962395474
-2.08444672565683,-13.8967042265687
-2.08287592933003,-14.3070247477411
-2.08130513300324,-14.7492459314127
-2.07973433667644,-15.2266756256995
-2.07816354034965,-15.7432719160175
-2.07659274402285,-16.3038170299898
-2.07502194769606,-16.9141527132942
-2.07345115136926,-17.5815043062344
-2.07188035504247,-18.3149353020361
-2.07030955871567,-19.1259976408816
-2.06873876238888,-20.0296810433864
-2.06716796606208,-21.0458252346342
-2.06559716973529,-22.2012470867809
-2.06402637340849,-23.53291896191
-2.0624555770817,-25.0923610465752
-2.0608847807549,-26.9494878330296
-2.05931398442811,-29.1819020283152
-2.05774318810131,-31.7648280425823
-2.05617239177452,-34.001746810049
-2.05460159544772,-33.9292786558301
-2.05303079912093,-31.6330101384367
-2.05146000279413,-29.0553847244223
-2.04988920646734,-26.8366869356146
-2.04831841014055,-24.990006428101
-2.04674761381375,-23.4370624427694
-2.04517681748696,-22.1087413713779
-2.04360602116016,-20.9542548820013
-2.04203522483337,-19.9371366517628
-2.04046442850657,-19.0308975091765
-2.03889363217978,-18.2159038427042
-2.03732283585298,-17.4772910813477
-2.03575203952619,-16.803577984953
-2.03418124319939,-16.1857343467934
-2.0326104468726,-15.6165417251889
-2.0310396505458,-15.0901461252986
-2.02946885421901,-14.6017387525923
-2.02789805789221,-14.1473239056835
-2.02632726156542,-13.7235473081734
-2.02475646523862,-13.3275671313594
-2.02318566891183,-12.9569556889891
-2.02161487258503,-12.6096235191303
-2.02004407625824,-12.2837600458286
-2.01847327993144,-11.9777866857983
-2.01690248360465,-11.6903194131724
-2.01533168727785,-11.4201385951713
-2.01376089095106,-11.1661644770194
-2.01219009462426,-10.9274370995833
-2.01061929829747,-10.7030997272508
-2.00904850197067,-10.4923850793782
-2.00747770564388,-10.2946038188865
-2.00590690931708,-10.1091348717472
-2.00433611299029,-9.93541724209005
-2.00276531666349,-9.77294305721357
-2.0011945203367,-9.62125163035839
-1.9996237240099,-9.47992437075145
-1.99805292768311,-9.34858040301707
-1.99648213135631,-9.22687278376485
-1.99491133502952,-9.11448522355799
-1.99334053870272,-9.01112923878358
-1.99176974237593,-8.9165416710631
-1.99019894604913,-8.83048252243678
-1.98862814972234,-8.7527330632082
-1.98705735339554,-8.68309417638441
-1.98548655706875,-8.62138490847596
-1.98391576074195,-8.56744120122278
-1.98234496441516,-8.52111478282547
-1.98077416808836,-8.48227220061442
-1.97920337176157,-8.45079397991134
-1.97763257543477,-8.42657389624191
-1.97606177910798,-8.40951835009665
-1.97449098278118,-8.39954583520952
-1.97292018645439,-8.39658649285018
-1.9713493901276,-8.40058174597596
-1.9697785938008,-8.41148400828646
-1.96820779747401,-8.4292564643027
-1.96663700114721,-8.45387291758326
-1.96506620482042,-8.48531770511356
-1.96349540849362,-8.52358567677945
-1.96192461216683,-8.56868223969535
-1.96035381584003,-8.62062346799725
-1.95878301951324,-8.67943627958197
-1.95721222318644,-8.74515868215641
-1.95564142685965,-8.81784009191981
-1.95407063053285,-8.89754172921529
-1.95249983420606,-8.98433709661501
-1.95092903787926,-9.07831254615589
-1.94935824155247,-9.17956794385754
-1.94778744522567,-9.28821744126976
-1.94621664889888,-9.40439036566133
-1.94464585257208,-9.52823224263914
-1.94307505624529,-9.65990596751896
-1.94150425991849,-9.79959314479682
-1.9399334635917,-9.94749561861168
-1.9383626672649,-10.1038372213904
-1.93679187093811,-10.2688657729693
-1.93522107461131,-10.4428553687053
-1.93365027828452,-10.6261090026049
-1.93207948195772,-10.8189615807207
-1.93050868563093,-11.0217833913437
-1.92893788930413,-11.2349841124891
-1.92736709297734,-11.459017454517
-1.92579629665054,-11.6943865573612
-1.92422550032375,-11.9416502891272
-1.92265470399695,-12.2014306272342
-1.92108390767016,-12.4744213472074
-1.91951311134336,-12.7613983005376
-1.91794231501657,-13.0632316358062
-1.91637151868977,-13.3809004119993
-1.91480072236298,-13.7155101773539
-1.91322992603618,-14.0683142516243
-1.91165912970939,-14.4407396693573
-1.91008833338259,-14.8344190376451
-1.9085175370558,-15.2512299637541
-1.906946740729,-15.6933442591456
-1.90537594440221,-16.1632898884501
-1.90380514807541,-16.6640296940177
-1.90223435174862,-17.1990624159519
-1.90066355542182,-17.7725536223528
-1.89909275909503,-18.3895071016808
-1.89752196276823,-19.0559913257229
-1.89595116644144,-19.779440964847
-1.89438037011465,-20.5690598038508
-1.89280957378785,-21.4363564603054
-1.89123877746106,-22.3958390627341
-1.88966798113426,-23.4658486101742
-1.88809718480747,-24.6693194650586
-1.88652638848067,-26.0335672195696
-1.88495559215388,-27.585799885876
-1.88338479582708,-29.3328066738232
-1.88181399950029,-31.1883723739494
-1.88024320317349,-32.7805734590426
-1.8786724068467,-33.3222840680244
-1.8771016105199,-32.4075526413001
-1.87553081419311,-30.6884734768322
-1.87396001786631,-28.8577827653471
-1.87238922153952,-27.1782356842501
-1.87081842521272,-25.6960454053913
-1.86924762888593,-24.3944967334448
-1.86767683255913,-23.2452994025057
-1.86610603623234,-22.2221910606242
-1.86453523990554,-21.3035656075484
-1.86296444357875,-20.472229303685
-1.86139364725195,-19.714573573199
-1.85982285092516,-19.019772874618
-1.85825205459836,-18.3791369553496
-1.85668125827157,-17.7856165054851
-1.85511046194477,-17.2334323876776
-1.85353966561798,-16.7177980459599
-1.85196886929118,-16.2347106043869
-1.85039807296439,-15.7807923504529
-1.84882727663759,-15.3531692893901
-1.8472564803108,-14.9493771627879
-1.845685683984,-14.5672879927917
-1.84411488765721,-14.2050521125431
-1.84254409133041,-13.861051994256
-1.84097329500362,-13.5338651512696
-1.83940249867682,-13.2222340840456
-1.83783170235003,-12.925041743046
-1.83626090602323,-12.6412913491841
-1.83469010969644,-12.3700896838738
-1.83311931336964,-12.110633162737
-1.83154851704285,-11.8621961587668
-1.82997772071605,-11.6241211556344
-1.82840692438926,-11.3958103995944
-1.82683612806246,-11.1767187859861
-1.82526533173567,-10.9663477686925
-1.82369453540887,-10.7642401218319
-1.82212373908208,-10.5699754151055
-1.82055294275529,-10.3831660897171
-1.81898214642849,-10.2034540420184
-1.8174113501017,-10.0305076383113
-1.8158405537749,-9.86401909731367
-1.81426975744811,-9.70370218740937
-1.81269896112131,-9.54929019442451
-1.81112816479452,-9.40053412275634
-1.80955736846772,-9.25720109847826
-1.80798657214093,-9.11907294784478
-1.80641577581413,-8.98594492861491
-1.80484497948734,-8.85762459489318
-1.80327418316054,-8.73393077900707
-1.80170338683375,-8.61469267622437
-1.80013259050695,-8.49974902009579
-1.79856179418016,-8.38894733787098
-1.79699099785336,-8.28214327681265
-1.79542020152657,-8.17919999347011
-1.79384940519977,-8.07998759895975
-1.79227860887298,-7.98438265420319
-1.79070781254618,-7.89226770979364
-1.78913701621939,-7.80353088584041
-1.78756621989259,-7.71806548768285
-1.7859954235658,-7.63576965383976
-1.784424627239,-7.5565460330044
-1.78285383091221,-7.48030148723861
-1.78128303458541,-7.40694681884901
-1.77971223825862,-7.33639651870237
-1.77814144193182,-7.26856853398353
-1.77657064560503,-7.20338405361073
-1.77499984927823,-7.14076730971416
-1.77342905295144,-7.08064539374642
-1.77185825662464,-7.02294808594331
-1.77028746029785,-6.96760769698064
-1.76871666397105,-6.9145589207887
-1.76714586764426,-6.86373869758844
-1.76557507131746,-6.81508608630276
-1.76400427499067,-6.76854214558008
-1.76243347866387,-6.72404982273518
-1.76086268233708,-6.68155384998209
-1.75929188601028,-6.64100064738705
-1.75772108968349,-6.60233823202452
-1.75615029335669,-6.565516132863
-1.7545794970299,-6.53048531095471
-1.7530087007031,-6.49719808453067
-1.75143790437631,-6.46560805865003
-1.74986710804951,-6.43567005907156
-1.74829631172272,-6.40734007005005
-1.74672551539592,-6.38057517578178
-1.74515471906913,-6.3553335052499
-1.74358392274234,-6.33157418023539
-1.74201312641554,-6.30925726628442
-1.74044233008875,-6.28834372643605
-1.73887153376195,-6.26879537753062
-1.73730073743516,-6.25057484893453
-1.73572994110836,-6.23364554352816
-1.73415914478157,-6.21797160081778
-1.73258834845477,-6.20351786204123
-1.73101755212798,-6.190249837148
-1.72944675580118,-6.17813367354348
-1.72787595947439,-6.16713612649525
-1.72630516314759,-6.15722453110718
-1.7247343668208,-6.14836677577354
-1.723163570494,-6.14053127703306
-1.72159277416721,-6.13368695574751
-1.72002197784041,-6.12780321453572
-1.71845118151362,-6.12284991639874
-1.71688038518682,-6.11879736447667
-1.71530958886003,-6.11561628288162
-1.71373879253323,-6.11327779855662
-1.71216799620644,-6.11175342411028
-1.71059719987964,-6.11101504158796
-1.70902640355285,-6.11103488713176
-1.70745560722605,-6.11178553649852
-1.70588481089926,-6.11323989139492
-1.70431401457246,-6.11537116659955
-1.70274321824567,-6.11815287784089
-1.70117242191887,-6.1215588304032
-1.69960162559208,-6.12556310843294
-1.69803082926528,-6.13014006492241
-1.69646003293849,-6.1352643123479
-1.69488923661169,-6.14091071393774
-1.6933184402849,-6.14705437555732
-1.6917476439581,-6.15367063818488
-1.69017684763131,-6.16073507096576
-1.68860605130451,-6.16822346482871
-1.68703525497772,-6.17611182664417
-1.68546445865092,-6.18437637391914
-1.68389366232413,-6.1929935300064
-1.68232286599733,-6.20193991982111
-1.68075206967054,-6.21119236605061
-1.67918127334374,-6.2207278858469
-1.67761047701695,-6.23052368799028
-1.67603968069015,-6.24055717051564
-1.67446888436336,-6.25080591878837
-1.67289808803656,-6.26124770402557
-1.67132729170977,-6.27186048224478
-1.66975649538298,-6.28262239364324
-1.66818569905618,-6.29351176238716
-1.66661490272939,-6.30450709680981
-1.66504410640259,-6.31558709000687
-1.6634733100758,-6.32673062082154
-1.661902513749,-6.33791675521005
-1.66033171742221,-6.34912474797996
-1.65876092109541,-6.36033404489171
-1.65719012476862,-6.37152428511469
-1.65561932844182,-6.38267530403162
-1.65404853211503,-6.3937671363737
-1.65247773578823,-6.40478001969083
-1.65090693946144,-6.41569439813367
-1.64933614313464,-6.4264909265456
-1.64776534680785,-6.43715047485232
-1.64619455048105,-6.44765413273752
-1.64462375415426,-6.45798321459457
-1.64305295782746,-6.46811926474545
-1.64148216150067,-6.47804406290553
-1.63991136517387,-6.48773962990053
-1.63834056884708,-6.49718823359883
-1.63676977252028,-6.5063723950705
-1.63519897619349,-6.51527489494133
-1.63362817986669,-6.52387877993836
-1.6320573835399,-6.53216736960826
-1.6304865872131,-6.5401242631963
-1.62891579088631,-6.54773334666915
-1.62734499455951,-6.55497879986741
-1.62577419823272,-6.56184510377109
-1.62420340190592,-6.56831704786553
-1.62263260557913,-6.57437973758066
-1.62106180925233,-6.58001860180429
-1.61949101292554,-6.5852194004363
-1.61792021659874,-6.58996823197393
-1.61634942027195,-6.59425154111012
-1.61477862394515,-6.59805612632867
-1.61320782761836,-6.60136914746893
-1.61163703129156,-6.60417813325999
-1.61006623496477,-6.60647098878717
-1.60849543863797,-6.60823600288578
-1.60692464231118,-6.60946185543813
-1.60535384598438,-6.61013762455797
-1.60378304965759,-6.61025279364426
-1.60221225333079,-6.60979725828557
-1.600641457004,-6.60876133300196
-1.5990706606772,-6.607135757796
-1.59749986435041,-6.60491170451387
-1.59592906802361,-6.60208078298605
-1.59435827169682,-6.59863504693045
-1.59278747537003,-6.59456699961892
-1.59121667904323,-6.58986959927282
-1.58964588271644,-6.5845362641852
-1.58807508638964,-6.57856087755269
-1.58650429006285,-6.57193779200354
-1.58493349373605,-6.56466183381036
-1.58336269740926,-6.55672830677673
-1.58179190108246,-6.54813299578576
-1.58022110475567,-6.53887217000155
-1.57865030842887,-6.52894258571821
-1.57707951210208,-6.51834148883709
-1.57550871577528,-6.50706661698477
-1.57393791944849,-6.49511620124644
-1.57236712312169,-6.48248896752186
-1.5707963267949,-6.46918413749633
-1.5692255304681,-6.45520142922348
-1.56765473414131,-6.44054105732017
-1.56608393781451,-6.42520373277085
-1.56451314148772,-6.40919066234374
-1.56294234516092,-6.39250354761919
-1.56137154883413,-6.37514458363282
-1.55980075250733,-6.35711645714138
-1.55822995618054,-6.3384223445038
-1.55665915985374,-6.31906590920323
-1.55508836352695,-6.2990512989972
-1.55351756720015,-6.27838314271524
-1.55194677087336,-6.25706654670955
-1.55037597454656,-6.23510709096757
-1.54880517821977,-6.2125108248984
-1.54723438189297,-6.18928426280384
-1.54566358556618,-6.1654343790458
-1.54409278923938,-6.1409686029232
-1.54252199291259,-6.11589481327563
-1.54095119658579,-6.09022133281593
-1.539380400259,-6.06395692222626
-1.5378096039322,-6.03711077401662
-1.53623880760541,-6.00969250616283
-1.53466801127861,-5.98171215555472
-1.53309721495182,-5.95318017125347
-1.53152641862502,-5.92410740758626
-1.52995562229823,-5.89450511709171
-1.52838482597143,-5.86438494333463
-1.52681402964464,-5.83375891360816
-1.52524323331784,-5.80263943153914
-1.52367243699105,-5.77103926962081
-1.52210164066425,-5.73897156167779
-1.52053084433746,-5.70644979530051
-1.51896004801067,-5.67348780424908
-1.51738925168387,-5.64009976085457
-1.51581845535708,-5.60630016843233
-1.51424765903028,-5.57210385372721
-1.51267686270349,-5.53752595939943
-1.51110606637669,-5.50258193658445
-1.5095352700499,-5.46728753752617
-1.5079644737231,-5.43165880831061
-1.50639367739631,-5.39571208171263
-1.50482288106951,-5.3594639701721
-1.50325208474272,-5.32293135891426
-1.50168128841592,-5.28613139923019
-1.50011049208913,-5.24908150193099
-1.49853969576233,-5.21179933099231
-1.49696889943554,-5.17430279739471
-1.49539810310874,-5.13661005319056
-1.49382730678195,-5.09873948578608
-1.49225651045515,-5.06070971247578
-1.49068571412836,-5.0225395752227
-1.48911491780156,-4.98424813570577
-1.48754412147477,-4.94585467064334
-1.48597332514797,-4.90737866740259
-1.48440252882118,-4.86883981990701
-1.48283173249438,-4.83025802485313
-1.48126093616759,-4.79165337823962
-1.47969013984079,-4.75304617223121
-1.478119343514,-4.71445689235348
-1.4765485471872,-4.67590621503584
-1.47497775086041,-4.63741500550923
-1.47340695453361,-4.59900431606682
-1.47183615820682,-4.56069538469767
-1.47026536188002,-4.5225096341008
-1.46869456555323,-4.48446867108884
-1.46712376922643,-4.44659428638917
-1.46555297289964,-4.40890845485371
-1.46398217657284,-4.37143333607873
-1.46241138024605,-4.33419127545535
-1.46084058391925,-4.29720480564754
-1.45926978759246,-4.26049664851467
-1.45769899126566,-4.22408971748533
-1.45612819493887,-4.18800712039205
-1.45455739861207,-4.15227216277817
-1.45298660228528,-4.11690835168714
-1.45141580595848,-4.08193939994502
-1.44984500963169,-4.04738923095033
-1.44827421330489,-4.01328198397826
-1.4467034169781,-3.97964202002164
-1.4451326206513,-3.94649392817336
-1.44356182432451,-3.91386253257173
-1.44199102799772,-3.88177289992336
-1.44042023167092,-3.85025034761727
-1.43884943534413,-3.81932045245619
-1.43727863901733,-3.78900906001719
-1.43570784269054,-3.75934229466738
-1.43413704636374,-3.73034657025623
-1.43256625003695,-3.70204860150912
-1.43099545371015,-3.67447541614825
-1.42942465738336,-3.64765436776961
-1.42785386105656,-3.62161314950704
-1.42628306472977,-3.59637980851321
-1.42471226840297,-3.57198276129878
-1.42314147207618,-3.54845080996024
-1.42157067574938,-3.5258131593443
-1.41999987942259,-3.50409943518803
-1.41842908309579,-3.48333970328506
-1.416858286769,-3.46356448972762
-1.4152874904422,-3.4448048022805
-1.41371669411541,-3.42709215294625
-1.41214589778861,-3.41045858178531
-1.41057510146182,-3.39493668206131
-1.40900430513502,-3.38055962678578
-1.40743350880823,-3.36736119674316
-1.40586271248143,-3.35537581008354
-1.40429191615464,-3.3446385535775
-1.40272111982784,-3.33518521563497
-1.40115032350105,-3.32705232119848
-1.39957952717425,-3.32027716863058
-1.39800873084746,-3.3148978687246
-1.39643793452066,-3.31095338597912
-1.39486713819387,-3.30848358228841
-1.39329634186707,-3.30752926321387
-1.39172554554028,-3.30813222701584
-1.39015474921348,-3.31033531664095
-1.38858395288669,-3.31418247487664
-1.38701315655989,-3.3197188029041
-1.3854423602331,-3.32699062250106
-1.3838715639063,-3.33604554216909
-1.38230076757951,-3.34693252748407
-1.38072997125271,-3.35970197599845
-1.37915917492592,-3.37440579705226
-1.37758837859912,-3.3910974968853
-1.37601758227233,-3.4098322694804
-1.37444678594553,-3.43066709360927
-1.37287598961874,-3.45366083659895
-1.37130519329194,-3.47887436538932
-1.36973439696515,-3.50637066550905
-1.36816360063835,-3.53621496866295
-1.36659280431156,-3.5684748896949
-1.36502200798477,-3.60322057377218
-1.36345121165797,-3.64052485472771
-1.36188041533118,-3.68046342559836
-1.36030961900438,-3.72311502251283
-1.35873882267759,-3.76856162321277
-1.35716802635079,-3.81688866163585
-1.355597230024,-3.86818526015712
-1.3540264336972,-3.92254448127223
-1.35245563737041,-3.98006360072049
-1.35088484104361,-4.04084440428891
-1.34931404471682,-4.10499351081841
-1.34774324839002,-4.172622724249
-1.34617245206323,-4.24384941790846
-1.34460165573643,-4.31879695466739
-1.34303085940964,-4.39759514706659
-1.34146006308284,-4.48038076208343
-1.33988926675605,-4.56729807584704
-1.33831847042925,-4.65849948436511
-1.33674767410246,-4.75414617720757
-1.33517687777566,-4.85440888209031
-1.33360608144887,-4.95946868953101
-1.33203528512207,-5.06951796813044
-1.33046448879528,-5.18476138269441
-1.32889369246848,-5.30541702939144
-1.32732289614169,-5.43171770442778
-1.32575209981489,-5.56391232554181
-1.3241813034881,-5.70226752889807
-1.3226105071613,-5.84706946795563
-1.32103971083451,-5.99862584569323
-1.31946891450771,-6.15726821735599
-1.31789811818092,-6.32335460798915
-1.31632732185412,-6.49727249763472
-1.31475652552733,-6.6794422376841
-1.31318572920053,-6.8703209749606
-1.31161493287374,-7.07040717636406
-1.31004413654694,-7.28024586718453
-1.30847334022015,-7.50043472163802
-1.30690254389335,-7.73163117636855
-1.30533174756656,-7.97456077853368
-1.30376095123976,-8.23002703250461
-1.30219015491297,-8.49892307669788
-1.30061935858617,-8.78224560986598
-1.29904856225938,-9.081111601049
-1.29747776593258,-9.39677846912102
-1.29590696960579,-9.73066861991346
-1.29433617327899,-10.0843995002073
-1.2927653769522,-10.4598206956967
-1.29119458062541,-10.8590601028938
-1.28962378429861,-11.2845818986961
-1.28805298797181,-11.7392599961838
-1.28648219164502,-12.2264720260052
-1.28491139531823,-12.7502207820644
-1.28334059899143,-13.3152927381136
-1.28176980266464,-13.927466949107
-1.28019900633784,-14.5937926423787
-1.27862821001105,-15.3229599877662
-1.27705741368425,-16.1257944438023
-1.27548661735746,-17.0159045032017
-1.27391582103066,-18.010483822249
-1.27234502470387,-19.1311384177015
-1.27077422837707,-20.4041305578241
-1.26920343205028,-21.8577504246523
-1.26763263572348,-23.5087131294481
-1.26606183939669,-25.3108054161053
-1.26449104306989,-27.0012720227695
-1.2629202467431,-27.8873766740709
-1.2613494504163,-27.3170249872002
-1.25977865408951,-25.6961684367285
-1.25820785776271,-23.8119327984818
-1.25663706143592,-22.0362415142383
-1.25506626510912,-20.4553097078176
-1.25349546878233,-19.0623480835341
-1.25192467245553,-17.8301485431672
-1.25035387612874,-16.7313954082792
-1.24878307980194,-15.743154229973
-1.24721228347515,-14.8470839225411
-1.24564148714835,-14.0286762705713
-1.24407069082156,-13.2764225694027
-1.24249989449476,-12.5811189469219
-1.24092909816797,-11.9353306452408
-1.23935830184117,-11.3329891048289
-1.23778750551438,-10.7690904492641
-1.23621670918758,-10.2394690222689
-1.23464591286079,-9.74062599533693
-1.23307511653399,-9.26959843749434
-1.2315043202072,-8.823858295262
-1.2299335238804,-8.4012336681045
-1.22836272755361,-7.99984685945344
-1.22679193122681,-7.61806517268546
-1.22522113490002,-7.25446148349079
-1.22365033857322,-6.90778238212349
-1.22207954224643,-6.5769222301171
-1.22050874591963,-6.26090187802312
-1.21893794959284,-5.95885108656027
-1.21736715326604,-5.66999391329797
-1.21579635693925,-5.39363649153276
-1.21422556061246,-5.12915675242407
-1.21265476428566,-4.8759957362021
-1.21108396795887,-4.63365021102307
-1.20951317163207,-4.40166637437029
-1.20794237530528,-4.17963445582375
-1.20637157897848,-3.96718407443726
-1.20480078265169,-3.76398023125006
-1.20322998632489,-3.56971983909574
-1.2016591899981,-3.3841287092012
-1.2000883936713,-3.20695892805684
-1.19851759734451,-3.03798656930326
-1.19694680101771,-2.87700969461006
-1.19537600469092,-2.72384660502615
-1.19380520836412,-2.57833431051724
-1.19223441203733,-2.44032719049191
-1.19066361571053,-2.30969582242931
-1.18909281938374,-2.18632595925918
-1.18752202305694,-2.0701176391687
-1.18595122673015,-1.96098441405604
-1.18438043040335,-1.85885268500849
-1.18280963407656,-1.76366113506668
-1.18123883774976,-1.67536025113623
-1.17966804142297,-1.59391192833476
-1.17809724509617,-1.51928915130805
-1.17652644876938,-1.45147574817853
-1.17495565244258,-1.39046621380435
-1.17338485611579,-1.33626559998429
-1.17181405978899,-1.28888947112826
-1.1702432634622,-1.248363924781
-1.1686724671354,-1.21472567723142
-1.16710167080861,-1.18802221529442
-1.16553087448181,-1.16831201622949
-1.16396007815502,-1.15566483868464
-1.16238928182822,-1.15016208854207
-1.16081848550143,-1.15189726462407
-1.15924768917463,-1.16097649041244
-1.15767689284784,-1.17751913928542
-1.15610609652104,-1.20165856230338
-1.15453530019425,-1.23354292934482
-1.15296450386745,-1.2733361964355
-1.15139370754066,-1.32121921451516
-1.14982291121386,-1.37739099770906
-1.14825211488707,-1.44207017252638
-1.14668131856027,-1.51549663341797
-1.14511052223348,-1.59793343492952
-1.14353972590668,-1.6896689565145
-1.14196892957989,-1.79101938312252
-1.1403981332531,-1.90233155332679
-1.1388273369263,-2.02398623735245
-1.1372565405995,-2.15640192048761
-1.13568574427271,-2.30003918366994
-1.13411494794592,-2.45540579344036
-1.13254415161912,-2.62306263916712
-1.13097335529233,-2.80363068803224
-1.12940255896553,-2.99779916992343
-1.12783176263874,-3.20633525794472
-1.12626096631194,-3.43009557981902
-1.12469016998515,-3.67003998643493
-1.12311937365835,-3.9272481239725
-1.12154857733156,-4.20293951625538
-1.11997778100476,-4.4984980798363
-1.11840698467797,-4.8155022883243
-1.11683618835117,-5.15576260763292
-1.11526539202438,-5.52136838928594
-1.11369459569758,-5.91474720876037
-1.11212379937079,-6.33874078360918
-1.11055300304399,-6.79670327870915
-1.1089822067172,-7.29263028354868
-1.1074114103904,-7.83133048037913
-1.10584061406361,-8.41865775138223
-1.10426981773681,-9.0618304251972
-1.10269902141002,-9.76987859512113
-1.10112822508322,-10.5542833874846
-1.09955742875643,-11.4299092590814
-1.09798663242963,-12.4163897068448
-1.09641583610284,-13.5402137872601
-1.09484503977604,-14.8378477078045
-1.09327424344925,-16.3600796846017
-1.09170344712245,-18.1760232096878
-1.09013265079566,-20.3639589255618
-1.08856185446886,-22.9107970591124
-1.08699105814207,-25.1762529710817
-1.08542026181527,-25.2178830770604
-1.08384946548848,-22.9501007002707
-1.08227866916168,-20.3362853969068
-1.08070787283489,-18.0729561136442
-1.07913707650809,-16.184888320789
-1.0775662801813,-14.5944791913342
-1.0759954838545,-13.2318141126248
-1.07442468752771,-12.0453727772756
-1.07285389120091,-10.99818270193
-1.07128309487412,-10.063426892723
-1.06971229854732,-9.22126550241716
-1.06814150222053,-8.45670868779197
-1.06657070589373,-7.75820438561445
-1.06499990956694,-7.11668897915871
-1.06342911324014,-6.52493700416537
-1.06185831691335,-5.97710659053842
-1.06028752058655,-5.46841538577942
-1.05871672425976,-4.99490517913086
-1.05714592793297,-4.55326799666977
-1.05557513160617,-4.14071558377103
-1.05400433527938,-3.75488003986109
-1.05243353895258,-3.39373717881301
-1.05086274262579,-3.05554671329674
-1.04929194629899,-2.73880506467792
-1.0477211499722,-2.44220776810868
-1.0461503536454,-2.16461925591128
-1.04457955731861,-1.90504837716492
-1.04300876099181,-1.66262842312165
-1.04143796466502,-1.43660072676491
-1.03986716833822,-1.22630112412176
-1.03829637201143,-1.03114872779685
-1.03672557568463,-0.850636585424994
-1.03515477935784,-0.68432388845207
-1.03358398303104,-0.531829467685085
-1.03201318670425,-0.392826367012134
-1.03044239037745,-0.267037329664092
-1.02887159405066,-0.154231065351347
-1.02730079772386,-0.0542191937475707
-1.02573000139707,0.0331462182076265
-1.02415920507027,0.107974589625634
-1.02258840874348,0.170338278878823
-1.02101761241668,0.220273592985762
-1.01944681608989,0.257781378009888
-1.01787601976309,0.282827204916295
-1.0163052234363,0.295341155526067
-1.0147344271095,0.295217203598284
-1.01316363078271,0.282312176247011
-1.01159283445591,0.256444270467021
-1.01002203812912,0.217391088037743
-1.00845124180232,0.16488713899215
-1.00688044547553,0.098620748545116
-1.00530964914873,0.0182302841046393
-1.00373885282194,-0.0767004032508538
-1.00216805649514,-0.186647455930014
-1.00059726016835,-0.312153573153935
-0.999026463841554,-0.453835871607922
-0.997455667514759,-0.612395310478057
-0.995884871187964,-0.788628020270785
-0.99431407486117,-0.983438969441835
-0.992743278534375,-1.19785852784803
-0.991172482207579,-1.43306265298345
-0.989601685880785,-1.69039765035318
-0.98803088955399,-1.97141076729332
-0.986460093227195,-2.27788830555595
-0.9848892969004,-2.61190353523601
-0.983318500573605,-2.97587754202318
-0.981747704246811,-3.37265736664855
-0.980176907920015,-3.80561759720194
-0.978606111593221,-4.27879426934616
-0.977035315266426,-4.79706403747812
-0.975464518939631,-5.36638797576932
-0.973893722612836,-5.99414955053169
-0.972322926286041,-6.68963290016472
-0.970752129959246,-7.46471525084588
-0.969181333632451,-8.33489452385737
-0.967610537305656,-9.32085493724243
-0.966039740978861,-10.4509140188404
-0.964468944652067,-11.7649188468604
-0.962898148325272,-13.320392990842
-0.961327351998476,-15.2010863455559
-0.959756555671682,-17.5197558211731
-0.958185759344887,-20.3409010095601
-0.956614963018092,-23.0490322855273
-0.955044166691297,-23.0616370680546
-0.953473370364502,-20.3240910559276
-0.951902574037707,-17.4415530695557
-0.950331777710912,-15.0601383943401
-0.948760981384118,-13.1193711463496
-0.947190185057323,-11.5061832053852
-0.945619388730528,-10.1362658898279
-0.944048592403733,-8.95171789859539
-0.942477796076938,-7.91247069586781
-0.940906999750143,-6.99008743626798
-0.939336203423348,-6.16382918095952
-0.937765407096554,-5.4181849067585
-0.936194610769758,-4.74129205914969
-0.934623814442963,-4.12390051062834
-0.933053018116169,-3.55867492339398
-0.931482221789373,-3.03971319481012
-0.929911425462579,-2.56220642301138
-0.928340629135784,-2.12219382239855
-0.926769832808989,-1.71638278578452
-0.925199036482194,-1.34201457334105
-0.923628240155399,-0.996762564922172
-0.922057443828604,-0.678654157728175
-0.920486647501809,-0.38601010926898
-0.918915851175015,-0.117396942958784
-0.917345054848219,0.128410728922766
-0.915774258521425,0.352460253187658
-0.91420346219463,0.55564503993299
-0.912632665867835,0.738723977631459
-0.91106186954104,0.902337101708483
-0.909491073214245,1.04701822986719
-0.907920276887451,1.17320510644932
-0.906349480560655,1.28124746872426
-0.90477868423386,1.37141334838716
-0.903207887907066,1.44389384337303
-0.90163709158027,1.49880653221744
-0.900066295253476,1.53619765110387
-0.898495498926681,1.55604310892372
-0.896924702599886,1.55824837531138
-0.895353906273091,1.54264723829208
-0.893783109946296,1.50899938965656
-0.892212313619501,1.45698675519702
-0.890641517292706,1.38620844102926
-0.889070720965912,1.29617411346091
-0.887499924639116,1.18629556457888
-0.885929128312322,1.05587613412555
-0.884358331985527,0.904097553844657
-0.882787535658732,0.730003644365176
-0.881216739331937,0.532480114242738
-0.879645943005142,0.310229467959175
-0.878075146678347,0.061739698167024
-0.876504350351552,-0.214755021596808
-0.874933554024757,-0.521324072635679
-0.873362757697963,-0.860403904731932
-0.871791961371168,-1.23488001246095
-0.870221165044373,-1.64819402990292
-0.868650368717578,-2.10448556424812
-0.867079572390783,-2.60878294044157
-0.865508776063988,-3.16726417307357
-0.863937979737193,-3.78762096447326
-0.862367183410398,-4.47957745744674
-0.860796387083603,-5.25564750577251
-0.859225590756808,-6.13226983901622
-0.857654794430013,-7.13155905451666
-0.856083998103219,-8.28408575070627
-0.854513201776424,-9.6333958466476
-0.852942405449629,-11.2433491850449
-0.851371609122834,-13.2087998826975
-0.849800812796039,-15.6599524561545
-0.848230016469244,-18.6596741874217
-0.846659220142449,-21.3231438961162
-0.845088423815654,-20.639498530483
-0.843517627488859,-17.5668675143935
-0.841946831162065,-14.6763506695333
-0.840376034835269,-12.3441302650915
-0.838805238508475,-10.4537024280258
-0.83723444218168,-8.88468823336034
-0.835663645854885,-7.55348514387612
-0.83409284952809,-6.40382578375176
-0.832522053201295,-5.39703101994065
-0.8309512568745,-4.50570422411698
-0.829380460547705,-3.70986962150402
-0.827809664220911,-2.99458195064633
-0.826238867894115,-2.3484073938379
-0.824668071567321,-1.76242970154536
-0.823097275240526,-1.22958150508076
-0.821526478913731,-0.744182747973888
-0.819955682586936,-0.301614661370479
-0.818384886260141,0.101915295873923
-0.816814089933346,0.4695460245619
-0.815243293606551,0.803891552095472
-0.813672497279756,1.10713846039666
-0.812101700952962,1.38112049513555
-0.810530904626166,1.6273762779763
-0.808960108299372,1.84719430388493
-0.807389311972577,2.04164821856706
-0.805818515645782,2.21162454638977
-0.804247719318987,2.35784445591547
-0.802676922992192,2.48088073022876
-0.801106126665397,2.58117080098921
-0.799535330338602,2.65902647384253
-0.797964534011808,2.71464079457906
-0.796393737685012,2.74809236332582
-0.794822941358218,2.75934728570876
-0.793252145031423,2.7482588457591
-0.791681348704627,2.71456488743685
-0.790110552377833,2.65788279278324
-0.788539756051038,2.57770183756392
-0.786968959724244,2.47337258155681
-0.785398163397448,2.34409280018082
-0.783827367070653,2.18888927353635
-0.782256570743859,2.00659449962509
-0.780685774417063,1.79581706416211
-0.779114978090269,1.55490394141128
-0.777544181763474,1.28189236122022
-0.775973385436679,0.974447969155662
-0.774402589109884,0.629784692878005
-0.772831792783089,0.244559792557851
-0.771260996456294,-0.185265333707186
-0.769690200129499,-0.6646124756587
-0.768119403802705,-1.19954294210042
-0.766548607475909,-1.79761499267357
-0.764977811149115,-2.46839294666437
-0.76340701482232,-3.2241898005306
-0.761836218495525,-4.08117943394412
-0.76026542216873,-5.06111069834451
-0.758694625841935,-6.19402748116062
-0.75712382951514,-7.52269288079006
-0.755553033188345,-9.10980347598662
-0.75398223686155,-11.0486990428583
-0.752411440534756,-13.4694336274246
-0.75084064420796,-16.4510646256198
-0.749269847881166,-19.2147596550327
-0.747699051554371,-18.7467216339723
-0.746128255227576,-15.6962987372511
-0.744557458900781,-12.7710611719091
-0.742986662573986,-10.4116820221894
-0.741415866247191,-8.5047056564849
-0.739845069920396,-6.9269091304549
-0.738274273593602,-5.59251761789181
-0.736703477266806,-4.44392068863073
-0.735132680940012,-3.44161917825396
-0.733561884613217,-2.55770633743315
-0.731991088286422,-1.7718832659823
-0.730420291959627,-1.0689987277765
-0.728849495632832,-0.437489556105817
-0.727278699306037,0.131637402960173
-0.725707902979242,0.645488786978483
-0.724137106652447,1.10975553536049
-0.722566310325652,1.52904474540123
-0.720995513998858,1.90711838174299
-0.719424717672063,2.24706806270868
-0.717853921345268,2.55144501600901
-0.716283125018473,2.82235795224844
-0.714712328691678,3.0615475363119
-0.713141532364883,3.27044346869945
-0.711570736038088,3.4502084016
-0.709999939711293,3.6017716922524
-0.708429143384499,3.72585514258328
-0.706858347057703,3.82299226451391
-0.705287550730908,3.89354216348079
-0.703716754404114,3.9376987944465
-0.702145958077319,3.95549607756939
-0.700575161750524,3.94680913778483
-0.699004365423729,3.9113517329833
-0.697433569096934,3.84866974158943
-0.695862772770139,3.7581303752417
-0.694291976443344,3.63890654755188
-0.692721180116549,3.48995554316223
-0.691150383789755,3.30999076277322
-0.689579587462959,3.09744482761671
-0.688008791136165,2.85042164966043
-0.68643799480937,2.5666341190524
-0.684867198482575,2.24332268473945
-0.68329640215578,1.87714808120518
-0.681725605828985,1.46404841748649
-0.68015480950219,0.999046188096479
-0.678584013175395,0.475983463869333
-0.6770132168486,-0.112848202180821
-0.675442420521805,-0.777235911389539
-0.673871624195011,-1.52981691020518
-0.672300827868216,-2.38723497143746
-0.67073003154142,-3.37192187655576
-0.669159235214626,-4.51491628764305
-0.667588438887831,-5.86040871619111
-0.666017642561036,-7.47296848844726
-0.664446846234241,-9.44731762930272
-0.662876049907446,-11.9072954811713
-0.661305253580652,-14.8723467589645
-0.659734457253856,-17.2914263830334
-0.658163660927062,-16.332721128259
-0.656592864600267,-13.3077412475764
-0.655022068273472,-10.5069431546244
-0.653451271946677,-8.24061797524157
-0.651880475619882,-6.39909339603999
-0.650309679293087,-4.8698860518745
-0.648738882966292,-3.57403850962321
-0.647168086639498,-2.45793961682281
-0.645597290312702,-1.48449922353842
-0.644026493985908,-0.627328467710548
-0.642455697659113,0.132869313819683
-0.640884901332317,0.810552877733627
-0.639314105005523,1.41678539504082
-0.637743308678728,1.9601829388607
-0.636172512351933,2.44755504419687
-0.634601716025138,2.88434799318081
-0.633030919698343,3.27495833264651
-0.631460123371549,3.62295887793253
-0.629889327044753,3.93126430890996
-0.628318530717959,4.20225414603956
-0.626747734391164,4.43786501976728
-0.625176938064369,4.63966035466692
-0.623606141737574,4.8088830855969
-0.622035345410779,4.94649533124208
-0.620464549083984,5.05320777957306
-0.618893752757189,5.12950070714061
-0.617322956430395,5.17563794187267
-0.615752160103599,5.19167460853629
-0.614181363776805,5.17745911241582
-0.61261056745001,5.13262947897991
-0.611039771123215,5.05660384135843
-0.60946897479642,4.94856452113348
-0.607898178469625,4.80743474604125
-0.60632738214283,4.63184654694454
-0.604756585816035,4.42009771631416
-0.60318578948924,4.17009480515073
-0.601614993162445,3.87927785449875
-0.60004419683565,3.54452069856778
-0.598473400508856,3.16199791514318
-0.596902604182061,2.72700530633038
-0.595331807855266,2.23371428527202
-0.593761011528471,1.67483021526597
-0.592190215201676,1.04110797648987
-0.590619418874881,0.320650202055631
-0.589048622548086,-0.502133423840121
-0.587477826221292,-1.44810757233171
-0.585907029894496,-2.54586868017767
-0.584336233567701,-3.83560947606023
-0.582765437240907,-5.37503738765892
-0.581194640914112,-7.24681691913727
-0.579623844587317,-9.5560768395672
-0.578053048260522,-12.3276937457141
-0.576482251933727,-14.8065746515569
-0.574911455606932,-14.5145571684411
-0.573340659280137,-11.8076233686116
-0.571769862953342,-9.03201513453872
-0.570199066626548,-6.73426381394079
-0.568628270299753,-4.85874091389226
-0.567057473972957,-3.30191666938605
-0.565486677646163,-1.98525897476816
-0.563915881319368,-0.854168450473104
-0.562345084992573,0.129452112651947
-0.560774288665778,0.99278436499656
-0.559203492338983,1.7557098875332
-0.557632696012189,2.433109993202
-0.556061899685393,3.03634982101463
-0.554491103358598,3.57425820485747
-0.552920307031804,4.05379045020015
-0.551349510705009,4.48048701431288
-0.549778714378214,4.85879756951585
-0.548207918051419,5.19231412377479
-0.546637121724624,5.48394127220039
-0.545066325397829,5.73602200842344
-0.543495529071034,5.95043142302872
-0.541924732744239,6.12864666519592
-0.540353936417445,6.27179892423855
-0.53878314009065,6.38071140687788
-0.537212343763855,6.45592604003295
-0.53564154743706,6.49772072505554
-0.534070751110265,6.50611828139225
-0.53249995478347,6.48088765844201
-0.530929158456675,6.42153749899437
-0.52935836212988,6.32730165186234
-0.527787565803085,6.19711570264386
-0.52621676947629,6.02958296053176
-0.524645973149495,5.82292752928502
-0.523075176822701,5.57493099431232
-0.521504380495906,5.28284771500201
-0.51993358416911,4.94329147384179
-0.518362787842316,4.55208290668359
-0.516791991515521,4.10404207946475
-0.515221195188726,3.59270272173258
-0.513650398861931,3.00991218930745
-0.512079602535136,2.34526119146119
-0.510508806208341,1.58525467010364
-0.508938009881546,0.712082195891547
-0.507367213554752,-0.298236204769658
-0.505796417227957,-1.47865924073518
-0.504225620901162,-2.87523501134551
-0.502654824574367,-4.55204020002817
-0.501084028247572,-6.5904397953725
-0.499513231920777,-9.039032841205
-0.497942435593982,-11.5786928891462
-0.496371639267188,-12.5690643239968
-0.494800842940392,-10.7874581538132
-0.493230046613597,-8.11789483096936
-0.491659250286803,-5.72429369993654
-0.490088453960007,-3.73906107184182
-0.488517657633213,-2.09018320522679
-0.486946861306418,-0.700306902984764
-0.485376064979623,0.488668316824509
-0.483805268652828,1.51824883789028
-0.482234472326033,2.41823916348141
-0.480663675999238,3.21043645135441
-0.479092879672443,3.91110956547983
-0.477522083345649,4.53263374036013
-0.475951287018853,5.08457907648233
-0.474380490692059,5.57444852634201
-0.472809694365264,6.00818821622124
-0.471238898038469,6.39054707236145
-0.469668101711674,6.72533456783514
-0.468097305384879,7.01560808189562
-0.466526509058085,7.26381055247436
-0.464955712731289,7.47187222901394
-0.463384916404494,7.64128587005801
-0.4618141200777,7.77316176490554
-0.460243323750904,7.86826693611933
-0.45867252742411,7.92705145498143
-0.457101731097315,7.94966375466535
-0.45553093477052,7.93595600915085
-0.453960138443725,7.88547995560105
-0.45238934211693,7.79747289245355
-0.450818545790135,7.67083291129382
-0.44924774946334,7.50408163963055
-0.447676953136546,7.29531178804457
-0.44610615680975,7.04211547755746
-0.444535360482956,6.74148747929778
-0.442964564156161,6.38969483553328
-0.441393767829366,5.98210039066482
-0.439822971502571,5.51292181648617
-0.438252175175776,4.97489861453363
-0.436681378848982,4.35882552175305
-0.435110582522186,3.65288911325853
-0.433539786195391,2.84171216212391
-0.431968989868597,1.90496757733919
-0.430398193541802,0.815391218305173
-0.428827397215007,-0.46387842358493
-0.427256600888212,-1.98188690702425
-0.425685804561417,-3.79725549143558
-0.424115008234622,-5.94351877277312
-0.422544211907827,-8.24046824103286
-0.420973415581032,-9.70808279263292
-0.419402619254237,-8.9326894450097
-0.417831822927443,-6.69632330306035
-0.416261026600647,-4.37119599795165
-0.414690230273853,-2.35487944614169
-0.413119433947058,-0.656374886691481
-0.411548637620263,0.781253149773619
-0.409977841293468,2.01166935235619
-0.408407044966673,3.07611044757921
-0.406836248639878,4.00510725117079
-0.405265452313083,4.82130600565711
-0.403694655986288,5.54172052210324
-0.402123859659494,6.17932726696294
-0.400553063332699,6.74416611363972
-0.398982267005904,7.24410133127158
-0.397411470679109,7.68535364477225
-0.395840674352314,8.07287747769115
-0.394269878025519,8.41063212774931
-0.392699081698724,8.70177901953569
-0.391128285371929,8.94882642917661
-0.389557489045134,9.15373607871256
-0.38798669271834,9.31800138054381
-0.386415896391544,9.44270400606496
-0.38484510006475,9.52855330981088
-0.383274303737955,9.57591161163254
-0.38170350741116,9.58480719606748
-0.380132711084365,9.55493597412285
-0.37856191475757,9.48565195377862
-0.376991118430775,9.37594588794276
-0.37542032210398,9.2244106233295
-0.373849525777185,9.02919066189239
-0.37227872945039,8.78791214322655
-0.370707933123596,8.49758769063848
-0.369137136796801,8.15448809048732
-0.367566340470006,7.75396923921306
-0.365995544143211,7.29023769201605
-0.364424747816416,6.7560308213919
-0.362853951489621,6.14217737670363
-0.361283155162826,5.43699122123284
-0.359712358836031,4.6254390300905
-0.358141562509236,3.68803010871341
-0.356570766182442,2.59947557771225
-0.354999969855646,1.32763022398716
-0.353429173528852,-0.1648738181418
-0.351858377202057,-1.9064088014944
-0.350287580875262,-3.85182673249835
-0.348716784548467,-5.6620866566822
-0.347145988221672,-6.40134687252675
-0.345575191894878,-5.40177551339586
-0.344004395568082,-3.45463180142062
-0.342433599241287,-1.43601160354138
-0.340862802914493,0.365360185249862
-0.339292006587697,1.91903478802168
-0.337721210260903,3.25598192087405
-0.336150413934108,4.41326172847105
-0.334579617607313,5.42221610674628
-0.333008821280518,6.30738776298132
-0.331438024953723,7.08766935977207
-0.329867228626928,7.77762939123709
-0.328296432300133,8.38859046916
-0.326725635973339,8.92943333302271
-0.325154839646543,9.4071815378359
-0.323584043319749,9.82742509006026
-0.322013246992954,10.1946287295723
-0.320442450666159,10.5123577713964
-0.318871654339364,10.7834445377601
-0.317300858012569,11.0101113583454
-0.315730061685775,11.1940612095596
-0.314159265358979,11.3365436564455
-0.312588469032185,11.4384013676138
-0.31101767270539,11.5001007530096
-0.309446876378594,11.5217489905857
-0.3078760800518,11.5030986957415
-0.306305283725005,11.4435406255998
-0.30473448739821,11.3420840030619
-0.303163691071415,11.1973232085919
-0.30159289474462,11.0073886368204
-0.300022098417825,10.7698783585043
-0.29845130209103,10.481765762372
-0.296880505764236,10.1392764670101
-0.29530970943744,9.73772541394724
-0.293738913110646,9.27130226156992
-0.292168116783851,8.73279060579136
-0.290597320457056,8.11320635192951
-0.289026524130261,7.40134954858163
-0.287455727803466,6.58330235522468
-0.285884931476671,5.64203346444773
-0.284314135149876,4.5576670095825
-0.282743338823081,3.31019565959765
-0.281172542496287,1.89012620080879
-0.279601746169492,0.332935131483602
-0.278030949842697,-1.18784309339251
-0.276460153515902,-2.21461660480863
-0.274889357189107,-2.15676440890447
-0.273318560862312,-1.01661657774114
-0.271747764535517,0.614127000040526
-0.270176968208722,2.27960563778234
-0.268606171881927,3.80744258404041
-0.267035375555133,5.16257370308419
-0.265464579228337,6.35459122368781
-0.263893782901543,7.40349862980743
-0.262322986574748,8.32913841016612
-0.260752190247953,9.14850214738106
-0.259181393921158,9.87546829538219
-0.257610597594363,10.5211991811506
-0.256039801267568,11.0946428657761
-0.254469004940773,11.6029807334236
-0.252898208613978,12.0519885106746
-0.251327412287183,12.4463165109494
-0.249756615960389,12.7897038001725
-0.248185819633594,13.0851407565604
-0.246615023306799,13.3349919042547
-0.245044226980004,13.5410881184739
-0.243473430653209,13.7047949359022
-0.241902634326414,13.8270618408992
-0.240331837999619,13.9084559627836
-0.238761041672824,13.9491825086675
-0.23719024534603,13.9490933758203
-0.235619449019234,13.907684661093
-0.234048652692439,13.8240831547375
-0.232477856365645,13.6970213323871
-0.23090706003885,13.5247998246437
-0.229336263712055,13.305235867515
-0.22776546738526,13.0355959089285
-0.226194671058465,12.7125106084258
-0.22462387473167,12.3318714930875
-0.223053078404875,11.8887118390242
-0.22148228207808,11.3770829324832
-0.219911485751286,10.789957601647
-0.218340689424491,10.1192417485565
-0.216769893097696,9.35608895886372
-0.215199096770901,8.49198087130488
-0.213628300444106,7.52165607391759
-0.212057504117311,6.45033959288847
-0.210486707790516,5.3102692071319
-0.208915911463721,4.19345210667844
-0.207345115136926,3.29482094091934
-0.205774318810132,2.89860723014973
-0.204203522483336,3.19751279543382
-0.202632726156542,4.09394925044811
-0.201061929829747,5.30716986696506
-0.199491133502952,6.60103814491118
-0.197920337176157,7.85052337168978
-0.196349540849362,9.0064305128378
-0.194778744522567,10.0563444807391
-0.193207948195772,11.0029199696449
-0.191637151868977,11.8540106090313
-0.190066355542183,12.6185646757052
-0.188495559215387,13.3050478308894
-0.186924762888593,13.9209258669967
-0.185353966561798,14.4725756119234
-0.183783170235003,14.9653564320104
-0.182212373908208,15.4037306798047
-0.180641577581413,15.7913880393982
-0.179070781254618,16.1313571187502
-0.177499984927823,16.4260995639002
-0.175929188601029,16.6775867543065
-0.174358392274233,16.8873608377403
-0.172787595947439,17.056582260318
-0.171216799620644,17.1860658308318
-0.169646003293848,17.2763070774044
-0.168075206967054,17.3275003641475
-0.166504410640259,17.3395500105836
-0.164933614313464,17.3120755460416
-0.163362817986669,17.2444122902509
-0.161792021659874,17.1356087684668
-0.16022122533308,16.9844232008738
-0.158650429006284,16.7893227309286
-0.15707963267949,16.5484916744696
-0.155508836352695,16.259859770949
-0.1539380400259,15.9211697853947
-0.152367243699105,15.5301186462808
-0.15079644737231,15.084632456052
-0.149225651045515,14.5833811377491
-0.14765485471872,14.0267146982926
-0.146084058391926,13.4183210509174
-0.14451326206513,12.7680532132785
-0.142942465738336,12.0964390299261
-0.141371669411541,11.4409551879266
-0.139800873084746,10.8622220132734
-0.138230076757951,10.4437954098746
-0.136659280431156,10.2749779204714
-0.135088484104361,10.4140300495657
-0.133517687777566,10.8551799834074
-0.131946891450771,11.5322374625518
-0.130376095123976,12.3548553310609
-0.128805298797181,13.2428645666011
-0.127234502470387,14.1399584626854
-0.125663706143592,15.0121456238081
-0.124092909816797,15.8412563272973
-0.122522113490002,16.6189179545538
-0.120951317163207,17.3423579254551
-0.119380520836412,18.0118114754348
-0.117809724509617,18.6290146579242
-0.116238928182823,19.1963591453677
-0.114668131856027,19.7164317540503
-0.113097335529232,20.1917723021343
-0.111526539202438,20.6247536068122
-0.109955742875643,21.0175289545839
-0.108384946548848,21.3720162343758
-0.106814150222053,21.6899014786003
-0.105243353895258,21.9726522492098
-0.103672557568463,22.22153569044
-0.102101761241668,22.437638595728
-0.100530964914873,22.6218883225457
-0.0989601685880785,22.775074302828
-0.0973893722612837,22.8978705099526
-0.0958185759344885,22.990859719685
-0.0942477796076937,23.0545608471737
-0.0926769832808989,23.0894611287882
-0.0911061869541037,23.0960555031039
-0.0895353906273093,23.0748962743836
-0.0879645943005141,23.0266570422958
-0.0863937979737197,22.9522159457306
-0.0848230016469245,22.8527644120013
-0.0832522053201292,22.7299485847675
-0.0816814089933349,22.586050889003
-0.0801106126665396,22.4242177304876
-0.0785398163397448,22.2487342709223
-0.07696902001295,22.0653356732037
-0.0753982236861548,21.8815224065003
-0.07382742735936,21.7068119296923
-0.0722566310325652,21.5528117384561
-0.0706858347057704,21.4329529623109
-0.0691150383789756,21.3617135508891
-0.0675442420521808,21.3532377449464
-0.0659734457253855,21.4194617948316
-0.0644026493985907,21.5681436703425
-0.062831853071796,21.8014061520765
-0.0612610567450007,22.1153384164521
-0.0596902604182064,22.5008174406503
-0.0581194640914111,22.9452231420309
-0.0565486677646159,23.4344393003002
-0.0549778714378215,23.9545838990862
-0.0534070751110263,24.4931757386258
-0.0518362787842319,25.0397141603163
-0.0502654824574367,25.5858062986393
-0.0486946861306419,26.125016407653
-0.0471238898038471,26.6525836029017
-0.0455530934770518,27.1651053019107
-0.043982297150257,27.6602398899483
-0.0424115008234622,28.136451878771
-0.0408407044966674,28.5928051368755
-0.0392699081698722,29.0288009459865
-0.0376991118430774,29.4442541491939
-0.0361283155162826,29.8391999934049
-0.0345575191894878,30.2138249029475
-0.032986722862693,30.5684155161643
-0.0314159265358978,30.9033214616874
-0.0298451302091034,31.2189283710678
-0.0282743338823082,31.5156384654696
-0.0267035375555129,31.7938567179168
-0.0251327412287186,32.0539811026728
-0.0235619449019233,32.2963958287873
-0.0219911485751285,32.5214667429957
-0.0204203522483337,32.729538301161
-0.0188495559215385,32.9209316656909
-0.0172787595947441,33.0959436031473
-0.0157079632679489,33.2548459423259
-0.0141371669411541,33.397885416499
-0.0125663706143593,33.5252837602453
-0.0109955742875645,33.6372379657288
-0.00942477796076924,33.7339206286943
-0.00785398163397444,33.8154803331898
-0.00628318530717964,33.8820420378638
-0.0047123889803844,33.9337074369212
-0.00314159265359004,33.9705552764083
-0.0015707963267948,33.9926416121576
0,34
0.0015707963267948,33.9926416121576
0.00314159265359004,33.9705552764083
0.0047123889803844,33.9337074369212
0.00628318530717964,33.8820420378638
0.00785398163397444,33.8154803331898
0.00942477796076924,33.7339206286943
0.0109955742875645,33.6372379657288
0.0125663706143593,33.5252837602453
0.0141371669411541,33.397885416499
0.0157079632679489,33.2548459423259
0.0172787595947437,33.0959436031474
0.0188495559215389,32.9209316656909
0.0204203522483337,32.729538301161
0.0219911485751285,32.5214667429958
0.0235619449019233,32.2963958287873
0.0251327412287186,32.0539811026729
0.0267035375555129,31.7938567179167
0.0282743338823082,31.5156384654697
0.0298451302091034,31.2189283710678
0.0314159265358978,30.9033214616874
0.032986722862693,30.5684155161645
0.0345575191894874,30.2138249029477
0.0361283155162826,29.8391999934049
0.0376991118430778,29.4442541491938
0.0392699081698722,29.0288009459866
0.0408407044966674,28.5928051368756
0.0424115008234622,28.1364518787711
0.043982297150257,27.6602398899484
0.0455530934770518,27.1651053019107
0.0471238898038471,26.6525836029017
0.0486946861306419,26.1250164076529
0.0502654824574367,25.5858062986395
0.0518362787842315,25.0397141603165
0.0534070751110263,24.4931757386257
0.0549778714378215,23.9545838990863
0.0565486677646163,23.4344393003003
0.0581194640914111,22.9452231420309
0.0596902604182064,22.5008174406506
0.0612610567450007,22.1153384164521
0.062831853071796,21.8014061520765
0.0644026493985907,21.5681436703425
0.0659734457253855,21.4194617948316
0.0675442420521808,21.3532377449464
0.0691150383789751,21.3617135508891
0.0706858347057704,21.4329529623108
0.0722566310325652,21.5528117384561
0.07382742735936,21.7068119296923
0.0753982236861552,21.8815224065003
0.07696902001295,22.0653356732036
0.0785398163397448,22.2487342709223
0.0801106126665396,22.4242177304876
0.0816814089933349,22.586050889003
0.0832522053201292,22.7299485847675
0.0848230016469245,22.8527644120013
0.0863937979737193,22.9522159457306
0.0879645943005141,23.0266570422958
0.0895353906273093,23.0748962743836
0.0911061869541037,23.0960555031039
0.0926769832808989,23.0894611287882
0.0942477796076941,23.0545608471737
0.0958185759344885,22.990859719685
0.0973893722612837,22.8978705099526
0.0989601685880785,22.775074302828
0.100530964914873,22.6218883225458
0.102101761241668,22.437638595728
0.103672557568463,22.2215356904402
0.105243353895258,21.9726522492098
0.106814150222053,21.6899014786002
0.108384946548848,21.3720162343759
0.109955742875643,21.017528954584
0.111526539202438,20.6247536068123
0.113097335529233,20.1917723021342
0.114668131856027,19.7164317540504
0.116238928182823,19.1963591453678
0.117809724509617,18.6290146579242
0.119380520836412,18.0118114754352
0.120951317163207,17.3423579254554
0.122522113490002,16.6189179545537
0.124092909816797,15.8412563272972
0.125663706143591,15.0121456238084
0.127234502470387,14.1399584626856
0.128805298797181,13.2428645666012
0.130376095123976,12.354855331061
0.131946891450772,11.5322374625518
0.133517687777566,10.8551799834074
0.135088484104361,10.4140300495658
0.136659280431156,10.2749779204714
0.138230076757951,10.4437954098745
0.139800873084746,10.8622220132735
0.141371669411541,11.4409551879265
0.142942465738336,12.096439029926
0.14451326206513,12.7680532132784
0.146084058391926,13.4183210509171
0.14765485471872,14.0267146982926
0.149225651045515,14.5833811377492
0.15079644737231,15.084632456052
0.152367243699105,15.5301186462807
0.1539380400259,15.9211697853946
0.155508836352694,16.2598597709489
0.15707963267949,16.5484916744696
0.158650429006284,16.7893227309286
0.160221225333079,16.9844232008738
0.161792021659874,17.1356087684668
0.163362817986669,17.2444122902509
0.164933614313464,17.3120755460416
0.166504410640259,17.3395500105836
0.168075206967054,17.3275003641476
0.169646003293849,17.2763070774045
0.171216799620644,17.1860658308319
0.172787595947439,17.0565822603181
0.174358392274233,16.8873608377403
0.175929188601029,16.6775867543065
0.177499984927823,16.4260995639002
0.179070781254618,16.1313571187503
0.180641577581413,15.7913880393983
0.182212373908208,15.4037306798046
0.183783170235003,14.9653564320106
0.185353966561798,14.4725756119235
0.186924762888593,13.9209258669968
0.188495559215388,13.3050478308895
0.190066355542182,12.6185646757055
0.191637151868977,11.8540106090311
0.193207948195772,11.0029199696447
0.194778744522567,10.0563444807395
0.196349540849362,9.00643051283824
0.197920337176157,7.85052337169002
0.199491133502952,6.6010381449107
0.201061929829747,5.30716986696509
0.202632726156542,4.09394925044802
0.204203522483336,3.19751279543382
0.205774318810132,2.8986072301497
0.207345115136926,3.29482094091902
0.208915911463721,4.19345210667876
0.210486707790516,5.3102692071317
0.212057504117311,6.45033959288815
0.213628300444106,7.52165607391745
0.215199096770901,8.49198087130475
0.216769893097696,9.35608895886364
0.218340689424491,10.1192417485565
0.219911485751286,10.789957601647
0.22148228207808,11.3770829324829
0.223053078404875,11.888711839024
0.22462387473167,12.3318714930874
0.226194671058465,12.7125106084259
0.22776546738526,13.0355959089284
0.229336263712055,13.3052358675149
0.23090706003885,13.5247998246437
0.232477856365645,13.697021332387
0.234048652692439,13.8240831547375
0.235619449019234,13.907684661093
0.23719024534603,13.9490933758203
0.238761041672824,13.9491825086675
0.240331837999619,13.9084559627836
0.241902634326414,13.8270618408992
0.243473430653209,13.7047949359022
0.245044226980004,13.5410881184739
0.246615023306799,13.3349919042547
0.248185819633594,13.0851407565605
0.249756615960389,12.7897038001726
0.251327412287183,12.4463165109495
0.252898208613978,12.0519885106746
0.254469004940773,11.6029807334237
0.256039801267568,11.0946428657762
0.257610597594363,10.5211991811508
0.259181393921158,9.87546829538265
0.260752190247953,9.14850214738103
0.262322986574748,8.32913841016613
0.263893782901543,7.4034986298074
0.265464579228337,6.35459122368826
0.267035375555133,5.16257370308453
0.268606171881927,3.80744258404087
0.270176968208722,2.27960563778261
0.271747764535517,0.614127000040888
0.273318560862312,-1.01661657774104
0.274889357189107,-2.15676440890447
0.276460153515902,-2.21461660480892
0.278030949842697,-1.18784309339227
0.279601746169492,0.332935131483993
0.281172542496286,1.89012620080819
0.282743338823082,3.31019565959722
0.284314135149876,4.55766700958231
0.285884931476671,5.6420334644471
0.287455727803466,6.58330235522461
0.289026524130261,7.40134954858161
0.290597320457056,8.11320635192951
0.292168116783851,8.73279060579103
0.293738913110646,9.27130226156973
0.29530970943744,9.73772541394735
0.296880505764236,10.13927646701
0.29845130209103,10.4817657623719
0.300022098417825,10.7698783585043
0.30159289474462,11.0073886368204
0.303163691071415,11.1973232085918
0.30473448739821,11.3420840030619
0.306305283725005,11.4435406255998
0.3078760800518,11.5030986957415
0.309446876378594,11.5217489905857
0.31101767270539,11.5001007530096
0.312588469032185,11.4384013676138
0.314159265358979,11.3365436564455
0.315730061685774,11.1940612095596
0.317300858012569,11.0101113583454
0.318871654339364,10.7834445377602
0.320442450666159,10.5123577713966
0.322013246992954,10.1946287295722
0.323584043319749,9.82742509006046
0.325154839646543,9.40718153783607
0.326725635973339,8.92943333302284
0.328296432300133,8.38859046916008
0.329867228626928,7.77762939123718
0.331438024953723,7.0876693597721
0.333008821280518,6.30738776298129
0.334579617607313,5.42221610674682
0.336150413934108,4.41326172847164
0.337721210260903,3.2559819208744
0.339292006587698,1.91903478802129
0.340862802914493,0.365360185250438
0.342433599241287,-1.43601160354098
0.344004395568082,-3.4546318014204
0.345575191894878,-5.40177551339487
0.347145988221672,-6.40134687252671
0.348716784548467,-5.66208665668191
0.350287580875262,-3.85182673249797
0.351858377202057,-1.90640880149522
0.353429173528852,-0.164873818142091
0.354999969855646,1.32763022398665
0.356570766182442,2.59947557771217
0.358141562509237,3.68803010871326
0.359712358836031,4.62543903009045
0.361283155162826,5.43699122123243
0.362853951489621,6.14217737670323
0.364424747816416,6.75603082139207
0.365995544143211,7.2902376920161
0.367566340470006,7.75396923921286
0.369137136796801,8.15448809048722
0.370707933123596,8.49758769063839
0.37227872945039,8.78791214322641
0.373849525777185,9.02919066189239
0.37542032210398,9.2244106233295
0.376991118430775,9.37594588794277
0.37856191475757,9.48565195377859
0.380132711084365,9.55493597412285
0.38170350741116,9.58480719606749
0.383274303737955,9.57591161163254
0.384845100064749,9.5285533098109
0.386415896391544,9.44270400606498
0.38798669271834,9.31800138054381
0.389557489045134,9.15373607871263
0.391128285371929,8.9488264291766
0.392699081698724,8.70177901953564
0.394269878025519,8.4106321277494
0.395840674352314,8.07287747769131
0.397411470679109,7.68535364477229
0.398982267005904,7.24410133127173
0.400553063332699,6.74416611363986
0.402123859659493,6.17932726696299
0.403694655986288,5.54172052210317
0.405265452313083,4.82130600565752
0.406836248639878,4.00510725117121
0.408407044966673,3.07611044757875
0.409977841293468,2.01166935235662
0.411548637620263,0.78125314977391
0.413119433947058,-0.65637488669114
0.414690230273853,-2.35487944614119
0.416261026600647,-4.37119599795148
0.417831822927443,-6.69632330306064
0.419402619254237,-8.93268944500937
0.420973415581032,-9.70808279263305
0.422544211907827,-8.24046824103339
0.424115008234622,-5.94351877277354
0.425685804561417,-3.79725549143503
0.427256600888212,-1.98188690702483
0.428827397215007,-0.463878423585108
0.430398193541802,0.81539121830486
0.431968989868597,1.90496757733877
0.433539786195392,2.8417121621241
0.435110582522186,3.65288911325863
0.436681378848981,4.35882552175281
0.438252175175776,4.97489861453347
0.439822971502571,5.51292181648606
0.441393767829366,5.98210039066462
0.442964564156161,6.38969483553314
0.444535360482956,6.74148747929771
0.44610615680975,7.04211547755746
0.447676953136546,7.29531178804442
0.44924774946334,7.50408163963046
0.450818545790135,7.67083291129388
0.45238934211693,7.79747289245358
0.453960138443725,7.88547995560105
0.45553093477052,7.93595600915084
0.457101731097315,7.94966375466535
0.45867252742411,7.92705145498145
0.460243323750904,7.86826693611933
0.4618141200777,7.77316176490554
0.463384916404495,7.64128587005798
0.464955712731289,7.47187222901395
0.466526509058085,7.26381055247445
0.468097305384879,7.01560808189556
0.469668101711674,6.72533456783521
0.471238898038469,6.39054707236152
0.472809694365264,6.0081882162213
0.474380490692059,5.57444852634231
0.475951287018853,5.08457907648265
0.477522083345649,4.5326337403601
0.479092879672443,3.91110956547972
0.480663675999238,3.21043645135469
0.482234472326033,2.41823916348172
0.483805268652828,1.51824883789069
0.485376064979623,0.488668316824651
0.486946861306418,-0.700306902984664
0.488517657633213,-2.09018320522666
0.490088453960008,-3.73906107184182
0.491659250286803,-5.7242936999352
0.493230046613597,-8.11789483096921
0.494800842940392,-10.7874581538132
0.496371639267188,-12.5690643239966
0.497942435593982,-11.5786928891467
0.499513231920777,-9.03903284120538
0.501084028247572,-6.59043979537265
0.502654824574367,-4.55204020002817
0.504225620901162,-2.87523501134551
0.505796417227956,-1.47865924073511
0.507367213554752,-0.298236204769871
0.508938009881547,0.71208219589105
0.510508806208341,1.58525467010332
0.512079602535136,2.3452611914612
0.513650398861931,3.00991218930736
0.515221195188726,3.59270272173256
0.516791991515521,4.10404207946475
0.518362787842316,4.55208290668335
0.519933584169111,4.94329147384181
0.521504380495906,5.28284771500195
0.5230751768227,5.57493099431222
0.524645973149495,5.82292752928495
0.52621676947629,6.02958296053176
0.527787565803085,6.19711570264383
0.52935836212988,6.32730165186231
0.530929158456675,6.42153749899437
0.53249995478347,6.48088765844201
0.534070751110265,6.50611828139225
0.53564154743706,6.49772072505555
0.537212343763855,6.45592604003294
0.53878314009065,6.38071140687786
0.540353936417444,6.27179892423854
0.541924732744239,6.12864666519596
0.543495529071034,5.95043142302869
0.545066325397829,5.73602200842359
0.546637121724624,5.48394127220039
0.548207918051419,5.19231412377479
0.549778714378214,4.8587975695159
0.551349510705009,4.48048701431306
0.552920307031804,4.05379045020036
0.554491103358598,3.57425820485728
0.556061899685393,3.03634982101473
0.557632696012188,2.4331099932021
0.559203492338983,1.75570988753325
0.560774288665778,0.992784364997036
0.562345084992573,0.129452112652032
0.563915881319368,-0.854168450473196
0.565486677646163,-1.9852589747689
0.567057473972957,-3.30191666938496
0.568628270299753,-4.85874091389184
0.570199066626548,-6.73426381394161
0.571769862953342,-9.03201513453732
0.573340659280137,-11.8076233686116
0.574911455606932,-14.5145571684411
0.576482251933727,-14.8065746515568
0.578053048260522,-12.3276937457152
0.579623844587317,-9.55607683956805
0.581194640914112,-7.24681691913765
0.582765437240907,-5.37503738765851
0.584336233567702,-3.83560947606058
0.585907029894496,-2.54586868017779
0.587477826221292,-1.44810757233226
0.589048622548086,-0.502133423840121
0.590619418874881,0.320650202055631
0.592190215201676,1.04110797648993
0.593761011528471,1.67483021526573
0.595331807855266,2.23371428527158
0.59690260418206,2.72700530633024
0.598473400508856,3.16199791514305
0.60004419683565,3.54452069856788
0.601614993162445,3.87927785449872
0.603185789489241,4.17009480515073
0.604756585816035,4.42009771631403
0.60632738214283,4.63184654694457
0.607898178469625,4.80743474604119
0.60946897479642,4.94856452113351
0.611039771123215,5.05660384135841
0.61261056745001,5.1326294789799
0.614181363776805,5.17745911241581
0.615752160103599,5.19167460853629
0.617322956430395,5.17563794187267
0.618893752757189,5.12950070714061
0.620464549083984,5.0532077795731
0.622035345410779,4.94649533124212
0.623606141737574,4.80888308559685
0.625176938064369,4.63966035466696
0.626747734391163,4.43786501976733
0.628318530717959,4.2022541460396
0.629889327044753,3.93126430891002
0.631460123371548,3.62295887793275
0.633030919698343,3.27495833264651
0.634601716025138,2.88434799318074
0.636172512351933,2.4475550441971
0.637743308678728,1.96018293886065
0.639314105005523,1.41678539504066
0.640884901332318,0.810552877733357
0.642455697659113,0.132869313819846
0.644026493985907,-0.627328467710136
0.645597290312702,-1.48449922353842
0.647168086639498,-2.45793961682224
0.648738882966292,-3.57403850962326
0.650309679293087,-4.86988605187467
0.651880475619882,-6.39909339604026
0.653451271946677,-8.24061797524126
0.655022068273472,-10.5069431546238
0.656592864600267,-13.3077412475761
0.658163660927062,-16.3327211282588
0.659734457253857,-17.2914263830334
0.661305253580651,-14.8723467589645
0.662876049907446,-11.9072954811725
0.664446846234241,-9.44731762930365
0.666017642561036,-7.47296848844788
0.667588438887831,-5.86040871619075
0.669159235214626,-4.5149162876434
0.670730031541421,-3.37192187655585
0.672300827868216,-2.38723497143746
0.673871624195011,-1.52981691020525
0.675442420521805,-0.777235911389589
0.6770132168486,-0.112848202180793
0.678584013175395,0.475983463869433
0.68015480950219,0.999046188096315
0.681725605828985,1.46404841748636
0.68329640215578,1.87714808120509
0.684867198482575,2.24332268473921
0.68643799480937,2.5666341190522
0.688008791136165,2.85042164966043
0.68957958746296,3.09744482761671
0.691150383789755,3.30999076277313
0.692721180116549,3.48995554316225
0.694291976443344,3.63890654755182
0.695862772770139,3.75813037524167
0.697433569096934,3.84866974158941
0.699004365423729,3.91135173298333
0.700575161750524,3.94680913778484
0.702145958077319,3.95549607756939
0.703716754404114,3.9376987944465
0.705287550730908,3.89354216348078
0.706858347057703,3.82299226451392
0.708429143384499,3.72585514258334
0.709999939711293,3.60177169225235
0.711570736038088,3.45020840160005
0.713141532364883,3.27044346869948
0.714712328691678,3.06154753631194
0.716283125018473,2.82235795224831
0.717853921345267,2.5514450160092
0.719424717672063,2.24706806270868
0.720995513998858,1.90711838174294
0.722566310325652,1.52904474540162
0.724137106652447,1.10975553536068
0.725707902979242,0.645488786978625
0.727278699306037,0.131637402960301
0.728849495632832,-0.437489556105739
0.730420291959627,-1.06899872777646
0.731991088286422,-1.7718832659823
0.733561884613217,-2.55770633743219
0.735132680940012,-3.44161917825296
0.736703477266806,-4.44392068863089
0.738274273593602,-5.59251761789129
0.739845069920396,-6.92690913045458
0.741415866247191,-8.50470565648428
0.742986662573986,-10.4116820221889
0.744557458900781,-12.7710611719088
0.746128255227576,-15.6962987372511
0.747699051554371,-18.7467216339709
0.749269847881166,-19.2147596550323
0.75084064420796,-16.4510646256194
0.752411440534755,-13.4694336274256
0.753982236861551,-11.0486990428578
0.755553033188345,-9.10980347598806
0.75712382951514,-7.5226928807902
0.758694625841935,-6.19402748116062
0.76026542216873,-5.06111069834517
0.761836218495525,-4.08117943394407
0.76340701482232,-3.22418980053052
0.764977811149115,-2.46839294666424
0.766548607475909,-1.79761499267381
0.768119403802705,-1.1995429421006
0.769690200129499,-0.664612475658856
0.771260996456294,-0.185265333707221
0.772831792783089,0.244559792557808
0.774402589109884,0.629784692878005
0.775973385436679,0.974447969155491
0.777544181763474,1.28189236122028
0.779114978090269,1.55490394141131
0.780685774417063,1.79581706416233
0.782256570743859,2.0065944996249
0.783827367070653,2.18888927353645
0.785398163397448,2.34409280018068
0.786968959724243,2.47337258155662
0.788539756051038,2.57770183756392
0.790110552377833,2.65788279278325
0.791681348704628,2.71456488743685
0.793252145031423,2.74825884575909
0.794822941358218,2.75934728570876
0.796393737685012,2.74809236332582
0.797964534011808,2.71464079457908
0.799535330338602,2.65902647384255
0.801106126665397,2.58117080098921
0.802676922992192,2.48088073022877
0.804247719318987,2.35784445591545
0.805818515645782,2.21162454638987
0.807389311972577,2.04164821856713
0.808960108299372,1.84719430388498
0.810530904626167,1.62737627797637
0.812101700952962,1.38112049513562
0.813672497279756,1.10713846039637
0.815243293606551,0.803891552095514
0.816814089933346,0.469546024561936
0.818384886260141,0.101915295873638
0.819955682586936,-0.301614661370223
0.821526478913731,-0.744182747973674
0.823097275240526,-1.2295815050812
0.824668071567321,-1.76242970154568
0.826238867894115,-2.34840739383823
0.827809664220911,-2.99458195064619
0.829380460547706,-3.70986962150394
0.8309512568745,-4.5057042241169
0.832522053201295,-5.39703101994065
0.83409284952809,-6.40382578375176
0.835663645854885,-7.55348514387548
0.83723444218168,-8.88468823335879
0.838805238508475,-10.4537024280267
0.84037603483527,-12.3441302650938
0.841946831162065,-14.6763506695325
0.843517627488859,-17.5668675143932
0.845088423815654,-20.6394985304827
0.846659220142449,-21.3231438961156
0.848230016469244,-18.6596741874217
0.849800812796039,-15.6599524561543
0.851371609122834,-13.2087998826986
0.852942405449629,-11.243349185044
0.854513201776424,-9.63339584664791
0.856083998103218,-8.28408575070731
0.857654794430013,-7.13155905451686
0.859225590756808,-6.13226983901632
0.860796387083603,-5.25564750577314
0.862367183410398,-4.47957745744771
0.863937979737194,-3.7876209644735
0.865508776063987,-3.16726417307348
0.867079572390783,-2.60878294044102
0.868650368717578,-2.10448556424822
0.870221165044373,-1.64819402990332
0.871791961371168,-1.23488001246099
0.873362757697962,-0.860403904732152
0.874933554024757,-0.521324072635679
0.876504350351553,-0.214755021597028
0.878075146678347,0.0617396981670737
0.879645943005142,0.310229467958919
0.881216739331937,0.532480114242873
0.882787535658732,0.730003644365233
0.884358331985527,0.904097553844636
0.885929128312322,1.05587613412553
0.887499924639116,1.18629556457888
0.889070720965911,1.29617411346085
0.890641517292706,1.38620844102923
0.892212313619501,1.45698675519706
0.893783109946297,1.50899938965658
0.895353906273091,1.54264723829208
0.896924702599886,1.55824837531137
0.898495498926681,1.55604310892372
0.900066295253476,1.53619765110385
0.90163709158027,1.49880653221744
0.903207887907065,1.44389384337303
0.90477868423386,1.37141334838714
0.906349480560656,1.28124746872432
0.90792027688745,1.17320510644945
0.909491073214245,1.04701822986714
0.91106186954104,0.90233710170854
0.912632665867835,0.738723977631615
0.91420346219463,0.555645039933026
0.915774258521425,0.352460253187658
0.917345054848219,0.128410728922788
0.918915851175014,-0.117396942958784
0.92048664750181,-0.386010109269016
0.922057443828604,-0.678654157728104
0.923628240155399,-0.996762564922044
0.925199036482194,-1.34201457334093
0.926769832808989,-1.71638278578469
0.928340629135784,-2.12219382239844
0.929911425462579,-2.56220642301133
0.931482221789373,-3.03971319481012
0.933053018116169,-3.55867492339375
0.934623814442963,-4.12390051062834
0.936194610769759,-4.74129205914985
0.937765407096554,-5.4181849067582
0.939336203423348,-6.16382918095995
0.940906999750143,-6.99008743626793
0.942477796076938,-7.91247069586766
0.944048592403733,-8.95171789859512
0.945619388730528,-10.1362658898278
0.947190185057322,-11.5061832053855
0.948760981384117,-13.1193711463501
0.950331777710913,-15.0601383943415
0.951902574037708,-17.4415530695563
0.953473370364502,-20.3240910559287
0.955044166691297,-23.0616370680539
0.956614963018092,-23.0490322855273
0.958185759344887,-20.3409010095574
0.959756555671682,-17.5197558211745
0.961327351998477,-15.2010863455557
0.962898148325271,-13.3203929908403
0.964468944652066,-11.7649188468611
0.966039740978862,-10.4509140188408
0.967610537305656,-9.3208549372436
0.969181333632451,-8.33489452385709
0.970752129959246,-7.46471525084681
0.972322926286041,-6.68963290016472
0.973893722612836,-5.99414955053169
0.97546451893963,-5.36638797576958
0.977035315266426,-4.79706403747841
0.978606111593221,-4.27879426934557
0.980176907920015,-3.80561759720139
0.981747704246811,-3.37265736664864
0.983318500573605,-2.97587754202328
0.9848892969004,-2.61190353523644
0.986460093227195,-2.27788830555636
0.98803088955399,-1.97141076729302
0.989601685880785,-1.69039765035346
0.991172482207579,-1.43306265298345
0.992743278534375,-1.19785852784813
0.99431407486117,-0.983438969441913
0.995884871187965,-0.78862802027092
0.997455667514759,-0.612395310477872
0.999026463841554,-0.45383587160795
1.00059726016835,-0.312153573153935
1.00216805649514,-0.186647455930192
1.00373885282194,-0.0767004032508538
1.00530964914873,0.0182302841046607
1.00688044547553,0.0986207485451089
1.00845124180232,0.164887138992135
1.01002203812912,0.217391088037665
1.01159283445591,0.256444270467028
1.01316363078271,0.282312176247046
1.0147344271095,0.295217203598277
1.0163052234363,0.295341155526067
1.01787601976309,0.282827204916295
1.01944681608989,0.257781378009916
1.02101761241668,0.220273592985784
1.02258840874348,0.170338278878859
1.02415920507027,0.107974589625591
1.02573000139707,0.0331462182077189
1.02730079772386,-0.0542191937475565
1.02887159405066,-0.154231065351425
1.03044239037745,-0.267037329663957
1.03201318670425,-0.392826367012077
1.03358398303104,-0.531829467684936
1.03515477935784,-0.684323888451999
1.03672557568463,-0.850636585424901
1.03829637201143,-1.03114872779651
1.03986716833822,-1.2263011241216
1.04143796466502,-1.43660072676484
1.04300876099181,-1.66262842312165
1.04457955731861,-1.90504837716492
1.0461503536454,-2.16461925591109
1.0477211499722,-2.44220776810868
1.04929194629899,-2.73880506467795
1.05086274262579,-3.05554671329656
1.05243353895258,-3.39373717881288
1.05400433527938,-3.75488003986139
1.05557513160617,-4.1407155837712
1.05714592793297,-4.55326799667024
1.05871672425976,-4.99490517913073
1.06028752058655,-5.46841538577942
1.06185831691335,-5.97710659053814
1.06342911324015,-6.52493700416518
1.06499990956694,-7.11668897915871
1.06657070589373,-7.75820438561462
1.06814150222053,-8.45670868779094
1.06971229854732,-9.22126550241698
1.07128309487412,-10.063426892725
1.07285389120091,-10.998182701932
1.07442468752771,-12.0453727772756
1.0759954838545,-13.2318141126248
1.0775662801813,-14.5944791913337
1.07913707650809,-16.184888320786
1.08070787283489,-18.0729561136438
1.08227866916168,-20.336285396908
1.08384946548848,-22.9501007002699
1.08542026181527,-25.2178830770599
1.08699105814207,-25.1762529710817
1.08856185446886,-22.9107970591146
1.09013265079566,-20.3639589255631
1.09170344712245,-18.1760232096878
1.09327424344925,-16.3600796846017
1.09484503977604,-14.8378477078049
1.09641583610284,-13.5402137872608
1.09798663242963,-12.4163897068455
1.09955742875643,-11.4299092590817
1.10112822508322,-10.5542833874846
1.10269902141002,-9.76987859512113
1.10426981773681,-9.0618304251972
1.10584061406361,-8.41865775138338
1.1074114103904,-7.83133048037948
1.1089822067172,-7.29263028354849
1.11055300304399,-6.79670327870932
1.11212379937079,-6.33874078360932
1.11369459569758,-5.91474720876037
1.11526539202438,-5.5213683892863
1.11683618835117,-5.15576260763292
1.11840698467797,-4.8155022883242
1.11997778100476,-4.4984980798362
1.12154857733156,-4.20293951625547
1.12311937365835,-3.92724812397297
1.12469016998515,-3.67003998643499
1.12626096631194,-3.43009557981902
1.12783176263874,-3.2063352579448
1.12940255896553,-2.99779916992343
1.13097335529233,-2.80363068803224
1.13254415161912,-2.62306263916673
1.13411494794592,-2.45540579344036
1.13568574427271,-2.30003918366994
1.1372565405995,-2.15640192048762
1.1388273369263,-2.02398623735204
1.1403981332531,-1.90233155332684
1.14196892957989,-1.79101938312272
1.14353972590668,-1.6896689565145
1.14511052223348,-1.59793343492952
1.14668131856027,-1.51549663341794
1.14825211488707,-1.44207017252644
1.14982291121386,-1.37739099770909
1.15139370754066,-1.32121921451515
1.15296450386745,-1.27333619643542
1.15453530019425,-1.23354292934482
1.15610609652104,-1.20165856230337
1.15767689284784,-1.17751913928542
1.15924768917463,-1.16097649041245
1.16081848550143,-1.15189726462407
1.16238928182822,-1.15016208854207
1.16396007815502,-1.15566483868464
1.16553087448181,-1.1683120162295
1.16710167080861,-1.1880222152944
1.1686724671354,-1.21472567723145
1.1702432634622,-1.248363924781
1.17181405978899,-1.28888947112825
1.17338485611579,-1.33626559998429
1.17495565244258,-1.39046621380432
1.17652644876938,-1.45147574817847
1.17809724509617,-1.51928915130805
1.17966804142297,-1.59391192833478
1.18123883774976,-1.67536025113621
1.18280963407656,-1.76366113506668
1.18438043040335,-1.85885268500845
1.18595122673015,-1.96098441405604
1.18752202305694,-2.0701176391687
1.18909281938374,-2.18632595925918
1.19066361571053,-2.30969582242961
1.19223441203733,-2.44032719049183
1.19380520836412,-2.57833431051717
1.19537600469092,-2.7238466050264
1.19694680101771,-2.87700969461002
1.19851759734451,-3.03798656930325
1.2000883936713,-3.20695892805652
1.2016591899981,-3.38412870920106
1.20322998632489,-3.56971983909574
1.20480078265169,-3.76398023125006
1.20637157897848,-3.96718407443733
1.20794237530528,-4.17963445582365
1.20951317163207,-4.40166637437023
1.21108396795887,-4.63365021102296
1.21265476428566,-4.87599573620209
1.21422556061246,-5.12915675242407
1.21579635693925,-5.39363649153276
1.21736715326604,-5.66999391329797
1.21893794959284,-5.95885108656005
1.22050874591964,-6.26090187802312
1.22207954224643,-6.57692223011724
1.22365033857322,-6.90778238212348
1.22522113490002,-7.25446148349079
1.22679193122681,-7.61806517268546
1.22836272755361,-7.99984685945314
1.2299335238804,-8.4012336681045
1.2315043202072,-8.823858295262
1.23307511653399,-9.26959843749434
1.23464591286079,-9.74062599533674
1.23621670918758,-10.2394690222687
1.23778750551438,-10.7690904492641
1.23935830184117,-11.3329891048286
1.24092909816797,-11.9353306452406
1.24249989449476,-12.5811189469219
1.24407069082156,-13.2764225694027
1.24564148714835,-14.0286762705707
1.24721228347515,-14.8470839225392
1.24878307980194,-15.743154229973
1.25035387612874,-16.7313954082788
1.25192467245553,-17.8301485431668
1.25349546878233,-19.0623480835341
1.25506626510912,-20.4553097078183
1.25663706143592,-22.0362415142375
1.25820785776271,-23.8119327984811
1.25977865408951,-25.6961684367285
1.2613494504163,-27.3170249871998
1.2629202467431,-27.8873766740709
1.26449104306989,-27.0012720227695
1.26606183939669,-25.3108054161053
1.26763263572348,-23.5087131294487
1.26920343205028,-21.8577504246531
1.27077422837707,-20.4041305578247
1.27234502470387,-19.1311384177015
1.27391582103066,-18.010483822249
1.27548661735746,-17.0159045032017
1.27705741368425,-16.1257944438028
1.27862821001105,-15.3229599877662
1.28019900633784,-14.593792642379
1.28176980266463,-13.927466949107
1.28334059899143,-13.3152927381139
1.28491139531823,-12.7502207820644
1.28648219164502,-12.2264720260052
1.28805298797181,-11.739259996184
1.28962378429861,-11.2845818986961
1.2911945806254,-10.8590601028938
1.2927653769522,-10.4598206956967
1.294336173279,-10.0843995002074
1.29590696960579,-9.73066861991187
1.29747776593258,-9.39677846912102
1.29904856225938,-9.081111601049
1.30061935858617,-8.78224560986598
1.30219015491297,-8.49892307669788
1.30376095123976,-8.23002703250472
1.30533174756656,-7.97456077853389
1.30690254389335,-7.73163117636843
1.30847334022015,-7.50043472163803
1.31004413654694,-7.28024586718453
1.31161493287374,-7.07040717636405
1.31318572920053,-6.8703209749606
1.31475652552733,-6.67944223768468
1.31632732185412,-6.49727249763472
1.31789811818092,-6.32335460798915
1.31946891450771,-6.15726821735601
1.32103971083451,-5.99862584569331
1.3226105071613,-5.84706946795563
1.3241813034881,-5.70226752889799
1.32575209981489,-5.56391232554181
1.32732289614169,-5.43171770442778
1.32889369246848,-5.30541702939144
1.33046448879528,-5.18476138269441
1.33203528512207,-5.0695179681305
1.33360608144887,-4.95946868953101
1.33517687777566,-4.85440888209031
1.33674767410246,-4.75414617720762
1.33831847042925,-4.65849948436511
1.33988926675605,-4.56729807584708
1.34146006308284,-4.48038076208337
1.34303085940964,-4.39759514706659
1.34460165573643,-4.31879695466738
1.34617245206323,-4.24384941790846
1.34774324839002,-4.17262272424905
1.34931404471682,-4.1049935108184
1.35088484104361,-4.04084440428891
1.35245563737041,-3.98006360072051
1.3540264336972,-3.92254448127227
1.355597230024,-3.86818526015712
1.35716802635079,-3.81688866163584
1.35873882267759,-3.76856162321277
1.36030961900438,-3.72311502251283
1.36188041533117,-3.68046342559836
1.36345121165797,-3.64052485472776
1.36502200798477,-3.60322057377221
1.36659280431156,-3.5684748896949
1.36816360063836,-3.53621496866295
1.36973439696515,-3.50637066550905
1.37130519329194,-3.47887436538932
1.37287598961874,-3.45366083659895
1.37444678594553,-3.43066709360929
1.37601758227233,-3.4098322694804
1.37758837859912,-3.39109749688528
1.37915917492592,-3.37440579705226
1.38072997125271,-3.35970197599848
1.38230076757951,-3.34693252748407
1.3838715639063,-3.33604554216925
1.3854423602331,-3.32699062250106
1.38701315655989,-3.3197188029041
1.38858395288669,-3.31418247487664
1.39015474921348,-3.31033531664096
1.39172554554028,-3.30813222701584
1.39329634186707,-3.30752926321397
1.39486713819387,-3.30848358228841
1.39643793452066,-3.31095338597912
1.39800873084746,-3.3148978687246
1.39957952717425,-3.32027716863058
1.40115032350105,-3.32705232119847
1.40272111982784,-3.33518521563497
1.40429191615464,-3.3446385535775
1.40586271248143,-3.35537581008355
1.40743350880823,-3.36736119674315
1.40900430513502,-3.38055962678577
1.41057510146182,-3.39493668206131
1.41214589778861,-3.4104585817853
1.41371669411541,-3.42709215294625
1.4152874904422,-3.4448048022805
1.416858286769,-3.46356448972759
1.41842908309579,-3.48333970328504
1.41999987942259,-3.50409943518805
1.42157067574938,-3.5258131593443
1.42314147207618,-3.54845080996024
1.42471226840297,-3.57198276129878
1.42628306472977,-3.59637980851321
1.42785386105656,-3.62161314950703
1.42942465738336,-3.64765436776961
1.43099545371015,-3.67447541614825
1.43256625003695,-3.70204860150912
1.43413704636374,-3.73034657025622
1.43570784269054,-3.75934229466737
1.43727863901733,-3.78900906001719
1.43884943534412,-3.81932045245619
1.44042023167092,-3.85025034761727
1.44199102799772,-3.88177289992336
1.44356182432451,-3.91386253257173
1.44513262065131,-3.94649392817336
1.4467034169781,-3.97964202002164
1.44827421330489,-4.01328198397827
1.44984500963169,-4.0473892309503
1.45141580595848,-4.08193939994501
1.45298660228528,-4.11690835168714
1.45455739861207,-4.15227216277818
1.45612819493887,-4.18800712039205
1.45769899126566,-4.22408971748533
1.45926978759246,-4.26049664851467
1.46084058391925,-4.2972048056475
1.46241138024605,-4.3341912754554
1.46398217657284,-4.37143333607878
1.46555297289964,-4.4089084548537
1.46712376922643,-4.44659428638917
1.46869456555323,-4.48446867108883
1.47026536188002,-4.5225096341008
1.47183615820682,-4.56069538469767
1.47340695453361,-4.59900431606682
1.47497775086041,-4.63741500550923
1.4765485471872,-4.67590621503584
1.478119343514,-4.71445689235347
1.47969013984079,-4.75304617223121
1.48126093616759,-4.79165337823967
1.48283173249438,-4.83025802485313
1.48440252882118,-4.868839819907
1.48597332514797,-4.90737866740259
1.48754412147477,-4.9458546706433
1.48911491780156,-4.98424813570577
1.49068571412836,-5.0225395752227
1.49225651045515,-5.06070971247578
1.49382730678195,-5.09873948578608
1.49539810310874,-5.13661005319056
1.49696889943554,-5.17430279739471
1.49853969576233,-5.2117993309923
1.50011049208913,-5.24908150193099
1.50168128841592,-5.28613139923019
1.50325208474272,-5.3229313589142
1.50482288106951,-5.3594639701721
1.50639367739631,-5.39571208171263
1.5079644737231,-5.43165880831062
1.5095352700499,-5.46728753752617
1.51110606637669,-5.50258193658445
1.51267686270349,-5.53752595939943
1.51424765903028,-5.57210385372721
1.51581845535708,-5.60630016843233
1.51738925168387,-5.64009976085457
1.51896004801066,-5.67348780424908
1.52053084433746,-5.70644979530046
1.52210164066426,-5.73897156167779
1.52367243699105,-5.77103926962082
1.52524323331784,-5.80263943153914
1.52681402964464,-5.83375891360816
1.52838482597143,-5.86438494333463
1.52995562229823,-5.8945051170917
1.53152641862502,-5.92410740758626
1.53309721495182,-5.95318017125348
1.53466801127861,-5.98171215555472
1.53623880760541,-6.00969250616283
1.5378096039322,-6.03711077401661
1.539380400259,-6.06395692222625
1.54095119658579,-6.09022133281593
1.54252199291259,-6.11589481327563
1.54409278923938,-6.1409686029232
1.54566358556618,-6.1654343790458
1.54723438189297,-6.18928426280383
1.54880517821977,-6.2125108248984
1.55037597454656,-6.23510709096757
1.55194677087336,-6.25706654670955
1.55351756720015,-6.27838314271524
1.55508836352695,-6.29905129899718
1.55665915985374,-6.31906590920323
1.55822995618054,-6.3384223445038
1.55980075250733,-6.35711645714138
1.56137154883413,-6.37514458363282
1.56294234516092,-6.39250354761918
1.56451314148772,-6.40919066234373
1.56608393781451,-6.42520373277085
1.56765473414131,-6.44054105732017
1.5692255304681,-6.45520142922346
1.5707963267949,-6.46918413749633
1.57236712312169,-6.48248896752186
1.57393791944849,-6.49511620124643
1.57550871577528,-6.50706661698477
1.57707951210208,-6.51834148883709
1.57865030842887,-6.52894258571821
1.58022110475567,-6.53887217000154
1.58179190108246,-6.54813299578576
1.58336269740926,-6.55672830677673
1.58493349373605,-6.56466183381036
1.58650429006285,-6.57193779200353
1.58807508638964,-6.57856087755269
1.58964588271644,-6.5845362641852
1.59121667904323,-6.58986959927282
1.59278747537003,-6.59456699961893
1.59435827169682,-6.59863504693045
1.59592906802362,-6.60208078298605
1.59749986435041,-6.60491170451387
1.5990706606772,-6.607135757796
1.600641457004,-6.60876133300196
1.60221225333079,-6.60979725828557
1.60378304965759,-6.61025279364426
1.60535384598438,-6.61013762455797
1.60692464231118,-6.60946185543813
1.60849543863797,-6.60823600288578
1.61006623496477,-6.60647098878717
1.61163703129156,-6.60417813325999
1.61320782761836,-6.60136914746893
1.61477862394515,-6.59805612632867
1.61634942027195,-6.59425154111011
1.61792021659874,-6.58996823197393
1.61949101292554,-6.5852194004363
1.62106180925233,-6.58001860180429
1.62263260557913,-6.57437973758066
1.62420340190592,-6.56831704786556
1.62577419823272,-6.56184510377108
1.62734499455951,-6.5549787998674
1.62891579088631,-6.54773334666915
1.6304865872131,-6.5401242631963
1.6320573835399,-6.53216736960826
1.63362817986669,-6.52387877993834
1.63519897619349,-6.51527489494133
1.63676977252028,-6.50637239507051
1.63834056884708,-6.49718823359888
1.63991136517387,-6.48773962990052
1.64148216150067,-6.47804406290552
1.64305295782746,-6.46811926474544
1.64462375415426,-6.45798321459457
1.64619455048105,-6.44765413273752
1.64776534680785,-6.43715047485232
1.64933614313464,-6.4264909265456
1.65090693946144,-6.41569439813366
1.65247773578823,-6.40478001969084
1.65404853211503,-6.39376713637373
1.65561932844182,-6.38267530403162
1.65719012476862,-6.37152428511469
1.65876092109541,-6.36033404489171
1.66033171742221,-6.34912474798
1.661902513749,-6.33791675521005
1.6634733100758,-6.32673062082154
1.66504410640259,-6.31558709000686
1.66661490272939,-6.30450709680981
1.66818569905618,-6.29351176238716
1.66975649538298,-6.28262239364324
1.67132729170977,-6.27186048224478
1.67289808803656,-6.26124770402556
1.67446888436336,-6.25080591878837
1.67603968069015,-6.24055717051566
1.67761047701695,-6.23052368799032
1.67918127334374,-6.2207278858469
1.68075206967054,-6.21119236605062
1.68232286599733,-6.20193991982111
1.68389366232413,-6.1929935300064
1.68546445865092,-6.18437637391913
1.68703525497772,-6.17611182664417
1.68860605130451,-6.16822346482871
1.69017684763131,-6.16073507096576
1.6917476439581,-6.15367063818489
1.6933184402849,-6.14705437555733
1.69488923661169,-6.14091071393779
1.69646003293849,-6.1352643123479
1.69803082926528,-6.13014006492241
1.69960162559208,-6.12556310843296
1.70117242191887,-6.12155883040319
1.70274321824567,-6.11815287784088
1.70431401457246,-6.11537116659953
1.70588481089926,-6.11323989139493
1.70745560722605,-6.11178553649852
1.70902640355285,-6.11103488713175
1.71059719987964,-6.11101504158795
1.71216799620644,-6.11175342411028
1.71373879253323,-6.11327779855662
1.71530958886003,-6.11561628288162
1.71688038518682,-6.11879736447667
1.71845118151362,-6.12284991639874
1.72002197784041,-6.12780321453572
1.72159277416721,-6.13368695574749
1.723163570494,-6.14053127703306
1.7247343668208,-6.14836677577353
1.72630516314759,-6.15722453110718
1.72787595947439,-6.16713612649526
1.72944675580118,-6.17813367354346
1.73101755212798,-6.190249837148
1.73258834845477,-6.20351786204123
1.73415914478157,-6.21797160081778
1.73572994110836,-6.23364554352814
1.73730073743516,-6.25057484893452
1.73887153376195,-6.26879537753064
1.74044233008874,-6.28834372643604
1.74201312641554,-6.30925726628442
1.74358392274234,-6.33157418023539
1.74515471906913,-6.3553335052499
1.74672551539593,-6.38057517578175
1.74829631172272,-6.40734007005005
1.74986710804951,-6.43567005907157
1.75143790437631,-6.46560805865003
1.7530087007031,-6.49719808453067
1.7545794970299,-6.53048531095466
1.75615029335669,-6.565516132863
1.75772108968349,-6.60233823202452
1.75929188601028,-6.64100064738705
1.76086268233708,-6.68155384998209
1.76243347866387,-6.72404982273536
1.76400427499067,-6.76854214558004
1.76557507131746,-6.81508608630276
1.76714586764426,-6.8637386975884
1.76871666397105,-6.9145589207887
1.77028746029785,-6.96760769698064
1.77185825662464,-7.02294808594331
1.77342905295144,-7.08064539374642
1.77499984927823,-7.14076730971416
1.77657064560503,-7.20338405361073
1.77814144193182,-7.2685685339835
1.77971223825862,-7.33639651870237
1.78128303458541,-7.40694681884899
1.78285383091221,-7.48030148723863
1.784424627239,-7.55654603300439
1.7859954235658,-7.63576965383976
1.78756621989259,-7.71806548768285
1.78913701621939,-7.80353088584037
1.79070781254618,-7.89226770979364
1.79227860887298,-7.98438265420319
1.79384940519977,-8.07998759895976
1.79542020152657,-8.17919999346957
1.79699099785336,-8.28214327681265
1.79856179418016,-8.38894733787096
1.80013259050695,-8.49974902009578
1.80170338683375,-8.61469267622437
1.80327418316054,-8.73393077900707
1.80484497948734,-8.85762459489312
1.80641577581413,-8.98594492861483
1.80798657214093,-9.11907294784479
1.80955736846772,-9.25720109847833
1.81112816479452,-9.40053412275629
1.81269896112131,-9.54929019442451
1.81426975744811,-9.70370218740937
1.8158405537749,-9.8640190973136
1.8174113501017,-10.0305076383113
1.81898214642849,-10.2034540420184
1.82055294275528,-10.3831660897171
1.82212373908208,-10.5699754151054
1.82369453540888,-10.7642401218318
1.82526533173567,-10.9663477686925
1.82683612806246,-11.1767187859861
1.82840692438926,-11.3958103995944
1.82997772071605,-11.6241211556344
1.83154851704285,-11.8621961587668
1.83311931336964,-12.1106331627363
1.83469010969644,-12.3700896838738
1.83626090602323,-12.6412913491841
1.83783170235003,-12.9250417430459
1.83940249867682,-13.2222340840456
1.84097329500362,-13.5338651512695
1.84254409133041,-13.861051994256
1.84411488765721,-14.2050521125431
1.845685683984,-14.5672879927917
1.8472564803108,-14.9493771627879
1.84882727663759,-15.3531692893899
1.85039807296439,-15.7807923504527
1.85196886929118,-16.2347106043869
1.85353966561798,-16.7177980459586
1.85511046194477,-17.2334323876773
1.85668125827157,-17.7856165054851
1.85825205459836,-18.3791369553496
1.85982285092516,-19.0197728746175
1.86139364725195,-19.714573573199
1.86296444357875,-20.4722293036853
1.86453523990554,-21.3035656075481
1.86610603623234,-22.2221910606233
1.86767683255913,-23.2452994025057
1.86924762888593,-24.3944967334454
1.87081842521272,-25.6960454053907
1.87238922153952,-27.1782356842501
1.87396001786631,-28.8577827653471
1.87553081419311,-30.6884734768316
1.8771016105199,-32.4075526412994
1.8786724068467,-33.3222840680244
1.88024320317349,-32.7805734590376
1.88181399950029,-31.18837237395
1.88338479582708,-29.3328066738232
1.88495559215388,-27.5857998858768
1.88652638848067,-26.0335672195696
1.88809718480747,-24.6693194650586
1.88966798113426,-23.4658486101742
1.89123877746106,-22.3958390627345
1.89280957378785,-21.4363564603058
1.89438037011465,-20.5690598038528
1.89595116644144,-19.7794409648467
1.89752196276824,-19.0559913257245
1.89909275909503,-18.3895071016808
1.90066355542182,-17.7725536223528
1.90223435174862,-17.1990624159523
1.90380514807542,-16.6640296940177
1.90537594440221,-16.1632898884501
1.906946740729,-15.6933442591456
1.9085175370558,-15.2512299637542
1.91008833338259,-14.834419037646
1.91165912970939,-14.4407396693573
1.91322992603618,-14.0683142516243
1.91480072236298,-13.7155101773546
1.91637151868977,-13.3809004119993
1.91794231501657,-13.0632316358065
1.91951311134336,-12.7613983005378
1.92108390767016,-12.4744213472074
1.92265470399695,-12.2014306272342
1.92422550032375,-11.9416502891272
1.92579629665054,-11.6943865573612
1.92736709297734,-11.459017454517
1.92893788930413,-11.2349841124891
1.93050868563093,-11.0217833913437
1.93207948195772,-10.8189615807207
1.93365027828452,-10.6261090026049
1.93522107461131,-10.4428553687057
1.93679187093811,-10.2688657729693
1.9383626672649,-10.1038372213904
1.9399334635917,-9.94749561861168
1.94150425991849,-9.79959314479686
1.94307505624529,-9.65990596751895
1.94464585257208,-9.52823224263914
1.94621664889888,-9.4043903656616
1.94778744522567,-9.28821744126976
1.94935824155247,-9.17956794385746
1.95092903787926,-9.07831254615591
1.95249983420606,-8.98433709661501
1.95407063053285,-8.8975417292153
1.95564142685965,-8.81784009191999
1.95721222318644,-8.74515868215641
1.95878301951324,-8.67943627958197
1.96035381584003,-8.62062346799725
1.96192461216683,-8.56868223969536
1.96349540849362,-8.52358567677946
1.96506620482042,-8.48531770511356
1.96663700114721,-8.45387291758333
1.96820779747401,-8.42925646430269
1.9697785938008,-8.41148400828646
1.9713493901276,-8.40058174597594
1.97292018645439,-8.39658649285018
1.97449098278118,-8.39954583520952
1.97606177910798,-8.40951835009666
1.97763257543477,-8.42657389624191
1.97920337176157,-8.45079397991134
1.98077416808836,-8.4822722006144
1.98234496441516,-8.52111478282549
1.98391576074195,-8.56744120122276
1.98548655706875,-8.62138490847596
1.98705735339554,-8.6830941763844
1.98862814972234,-8.75273306320805
1.99019894604913,-8.83048252243678
1.99176974237593,-8.9165416710631
1.99334053870272,-9.01112923878351
1.99491133502952,-9.11448522355781
1.99648213135631,-9.22687278376485
1.99805292768311,-9.34858040301702
1.9996237240099,-9.47992437075124
2.0011945203367,-9.62125163035838
2.00276531666349,-9.77294305721318
2.00433611299029,-9.93541724208997
2.00590690931708,-10.1091348717468
2.00747770564388,-10.2946038188866
2.00904850197067,-10.4923850793777
2.01061929829747,-10.7030997272508
2.01219009462426,-10.9274370995832
2.01376089095106,-11.1661644770194
2.01533168727785,-11.4201385951719
2.01690248360465,-11.6903194131723
2.01847327993144,-11.9777866857988
2.02004407625824,-12.2837600458286
2.02161487258503,-12.6096235191301
2.02318566891183,-12.956955688989
2.02475646523862,-13.3275671313594
2.02632726156542,-13.7235473081733
2.02789805789221,-14.1473239056835
2.02946885421901,-14.6017387525921
2.0310396505458,-15.0901461252984
2.0326104468726,-15.6165417251887
2.03418124319939,-16.1857343467936
2.03575203952619,-16.803577984953
2.03732283585298,-17.4772910813475
2.03889363217978,-18.215903842706
2.04046442850657,-19.0308975091765
2.04203522483337,-19.9371366517628
2.04360602116016,-20.9542548820009
2.04517681748696,-22.1087413713774
2.04674761381375,-23.4370624427694
2.04831841014055,-24.9900064281001
2.04988920646734,-26.8366869356141
2.05146000279413,-29.055384724423
2.05303079912093,-31.633010138436
2.05460159544772,-33.9292786558301
2.05617239177452,-34.0017468100489
2.05774318810131,-31.7648280425823
2.05931398442811,-29.1819020283152
2.0608847807549,-26.9494878330299
2.0624555770817,-25.0923610465726
2.06402637340849,-23.5329189619108
2.06559716973529,-22.2012470867816
2.06716796606208,-21.0458252346342
2.06873876238888,-20.0296810433867
2.07030955871567,-19.1259976408816
2.07188035504247,-18.3149353020361
2.07345115136926,-17.5815043062354
2.07502194769606,-16.9141527132943
2.07659274402285,-16.3038170299899
2.07816354034965,-15.7432719160175
2.07973433667644,-15.226675625699
2.08130513300324,-14.7492459314134
2.08287592933003,-14.3070247477414
2.08444672565683,-13.8967042265682
2.08601752198362,-13.5154962395478
2.08758831831042,-13.1610330128559
2.08915911463721,-12.8312904875951
2.09072991096401,-12.5245285041429
2.0923007072908,-12.2392436120536
2.0938715036176,-11.9741314751574
2.09544229994439,-11.7280566549409
2.09701309627119,-11.5000281301419
2.09858389259798,-11.2891793221657
2.10015468892478,-11.0947516946488
2.10172548525157,-10.9160812147727
2.10329628157837,-10.7525871268032
2.10486707790516,-10.6037626105454
2.10643787423196,-10.4691669901263
2.10800867055875,-10.3484192295517
2.10957946688555,-10.2411925064266
2.11115026321234,-10.1472096982217
2.11272105953914,-10.0662396494139
2.11429185586593,-9.99809411497245
2.11586265219273,-9.94262529766618
2.11743344851952,-9.89972391474974
2.11900424484632,-9.86931774475695
2.12057504117311,-9.85137061811973
2.1221458374999,-9.84588182677251
2.1237166338267,-9.85288593829965
2.1252874301535,-9.87245300998433
2.12685822648029,-9.90468920773064
2.12842902280708,-9.94973784465003
2.12999981913388,-10.0077808645397
2.13157061546067,-10.0790408069822
2.13314141178747,-10.1637833038801
2.13471220811426,-10.2623201725325
2.13628300444106,-10.3750131886268
2.13785380076785,-10.5022786447652
2.13942459709465,-10.6445928276272
2.14099539342144,-10.8024985812977
2.14256618974824,-10.9766131679238
2.14413698607503,-11.1676376927542
2.14570778240183,-11.376368432965
2.14727857872862,-11.6037105042899
2.14884937505542,-11.8506944244788
2.15042017138221,-12.118496299536
2.15199096770901,-12.4084625840998
2.1535617640358,-12.7221406752656
2.1551325603626,-13.0613170251767
2.15670335668939,-13.4280650549519
2.15827415301619,-13.8248060019458
2.15984494934298,-14.2543870591986
2.16141574566978,-14.7201829677576
2.16298654199657,-15.2262299168934
2.16455733832337,-15.7774047152709
2.16612813465016,-16.3796685919887
2.16769893097696,-17.0404051689532
2.16926972730375,-17.7688987408297
2.17084052363055,-18.5770266907346
2.17241131995734,-19.4802870975707
2.17398211628414,-20.4993643376879
2.17555291261093,-21.6625760979164
2.17712370893773,-23.0097696161562
2.17869450526452,-24.5984686223319
2.18026530159132,-26.5124231723116
2.18183609791811,-28.8643903380603
2.18340689424491,-31.7188698739554
2.1849776905717,-34.4603723180494
2.1865484868985,-34.5063852532686
2.18811928322529,-31.8022845430875
2.18969007955209,-28.9532291733291
2.19126087587888,-26.6053345955542
2.19283167220568,-24.6981250927298
2.19440246853247,-23.1185327123067
2.19597326485927,-21.7822489410702
2.19754406118606,-20.6313726471009
2.19911485751286,-19.6258354645079
2.20068565383965,-18.7372007186118
2.20225645016644,-17.944729642051
2.20382724649324,-17.2329113838955
2.20539804282004,-16.5898835626739
2.20696883914683,-16.0063962247145
2.20853963547362,-15.4751142068497
2.21011043180042,-14.9901355818786
2.21168122812721,-14.5466516241803
2.21325202445401,-14.1407017252148
2.2148228207808,-13.7689934556762
2.2163936171076,-13.4287682544419
2.21796441343439,-13.1176996809057
2.21953520976119,-12.8338153126454
2.22110600608798,-12.5754360883925
2.22267680241478,-12.3411287136328
2.22424759874157,-12.1296679835746
2.22581839506837,-11.9400067351967
2.22738919139516,-11.7712517430616
2.22895998772196,-11.6226443042308
2.23053078404875,-11.493544569695
2.23210158037555,-11.3834189090539
2.23367237670234,-11.2918297661627
2.23524317302914,-11.2184275928499
2.23681396935593,-11.1629445474247
2.23838476568273,-11.1251897228697
2.23995556200952,-11.1050457324873
2.24152635833632,-11.1024665328587
2.24309715466311,-11.1174764087904
2.24466795098991,-11.1501700852865
2.2462387473167,-11.200713969907
2.2478095436435,-11.2693485674006
2.24938033997029,-11.3563921494755
2.25095113629709,-11.4622458084842
2.25252193262388,-11.5874000775626
2.25409272895068,-11.7324433650489
2.25566352527747,-11.8980725326163
2.25723432160427,-12.0851060509325
2.25880511793106,-12.2945003027843
2.26037591425786,-12.5273697840435
2.26194671058465,-12.7850121956744
2.26351750691145,-13.0689397514967
2.26508830323824,-13.3809184854801
2.26665909956504,-13.7230179874764
2.26822989589183,-14.0976749168659
2.26980069221863,-14.5077749788786
2.27137148854542,-14.9567600193154
2.27294228487222,-15.4487698581586
2.27451308119901,-15.9888330342282
2.27608387752581,-16.5831277770788
2.2776546738526,-17.2393460050993
2.27922547017939,-17.9672120782626
2.28079626650619,-18.7792400686255
2.28236706283298,-19.6918689251586
2.28393785915978,-20.7272134657325
2.28550865548657,-21.9158445104536
2.28707945181337,-23.3013082012013
2.28865024814016,-24.947464604659
2.29022104446696,-26.9491680627695
2.29179184079375,-29.436623318395
2.29336263712055,-32.4726978810411
2.29493343344734,-35.1725707990209
2.29650422977414,-34.5253792504675
2.29807502610093,-31.4892528903556
2.29964582242773,-28.6352917726949
2.30121661875452,-26.339678400228
2.30278741508132,-24.4859091346973
2.30435821140811,-22.9536052871666
2.30592900773491,-21.6591645577181
2.3074998040617,-20.5463198090893
2.3090706003885,-19.5763921480734
2.31064139671529,-18.7219851874723
2.31221219304209,-17.9631233949336
2.31378298936888,-17.2848617527326
2.31535378569568,-16.6757666882121
2.31692458202247,-16.1269221982132
2.31849537834927,-15.6312611617628
2.32006617467606,-15.1831037714511
2.32163697100286,-14.7778315088455
2.32320776732965,-14.4116520845916
2.32477856365645,-14.0814268510568
2.32634935998324,-13.7845420354005
2.32792015631004,-13.5188113116648
2.32949095263683,-13.2824011915552
2.33106174896363,-13.0737733122097
2.33263254529042,-12.8916394388984
2.33420334161722,-12.7349261875996
2.33577413794401,-12.6027472970882
2.33734493427081,-12.4943818634145
2.3389157305976,-12.4092573695876
2.3404865269244,-12.3469366515363
2.34205732325119,-12.3071081727082
2.34362811957799,-12.2895791579246
2.34519891590478,-12.2942712791997
2.34676971223158,-12.321218704591
2.34834050855837,-12.3705684253058
2.34991130488517,-12.4425828741895
2.35148210121196,-12.5376449475864
2.35305289753876,-12.6562656497091
2.35462369386555,-12.7990947023636
2.35619449019234,-12.9669346133338
2.35776528651914,-13.1607588873536
2.35933608284593,-13.3817353129016
2.36090687917273,-13.6312555924009
2.36247767549952,-13.9109730413993
2.36404847182632,-14.2228507215456
2.36561926815311,-14.5692232804703
2.36719006447991,-14.9528770854236
2.3687608608067,-15.3771551728739
2.3703316571335,-15.846096443105
2.37190245346029,-16.3646229859966
2.37347324978709,-16.9387964122619
2.37504404611388,-17.5761752852379
2.37661484244068,-18.2863242297067
2.37818563876747,-19.0815565494401
2.37975643509427,-19.9780464332533
2.38132723142106,-20.9975430435764
2.38289802774786,-22.1700905806901
2.38446882407465,-23.5384524577236
2.38603962040145,-25.1653255700538
2.38761041672824,-27.1440500123223
2.38918121305504,-29.604680151009
2.39075200938183,-32.6262737044469
2.39232280570863,-35.4299986145875
2.39389360203542,-35.0020581260725
2.39546439836222,-31.9918007420445
2.39703519468901,-29.1067969998764
2.39860599101581,-26.7877203161751
2.4001767873426,-24.9211153937399
2.4017475836694,-23.3837596246973
2.40331837999619,-22.0898785213847
2.40488917632299,-20.9818619942823
2.40645997264978,-20.0202112217282
2.40803076897658,-19.1770197992886
2.40960156530337,-18.431989173819
2.41117236163017,-17.7699684584087
2.41274315795696,-17.1793948377509
2.41431395428376,-16.6512755115276
2.41588475061055,-16.1785041980222
2.41745554693735,-15.75539031591
2.41902634326414,-15.3773271282511
2.42059713959094,-15.0405530330456
2.42216793591773,-14.7419767769189
2.42373873224452,-14.4790474994374
2.42530952857132,-14.2496568596226
2.42688032489812,-14.0520645645834
2.42845112122491,-13.884841288205
2.4300219175517,-13.7468247550948
2.4315927138785,-13.6370859872437
2.43316351020529,-13.5549035644092
2.43473430653209,-13.4997443588318
2.43630510285888,-13.4712496517354
2.43787589918568,-13.4692258773398
2.43944669551247,-13.4936395072134
2.44101749183927,-13.544615810715
2.44258828816606,-13.6224414268393
2.44415908449286,-13.727570876661
2.44572988081965,-13.8606373506788
2.44730067714645,-14.0224683400807
2.44887147347324,-14.2141069677103
2.45044226980004,-14.4368402430646
2.45201306612683,-14.6922359578447
2.45358386245363,-14.9821906157773
2.45515465878042,-15.3089917451955
2.45672545510722,-15.6753993184456
2.45829625143401,-16.0847530251764
2.45986704776081,-16.5411151833474
2.4614378440876,-17.0494637283339
2.4630086404144,-17.6159570221078
2.46457943674119,-18.2483039474081
2.46615023306799,-18.9562920442957
2.46772102939478,-19.7525590009452
2.46929182572158,-20.6537490349237
2.47086262204837,-21.6822943755144
2.47243341837517,-22.8692341357005
2.47400421470196,-24.2587592809919
2.47557501102876,-25.9154395947998
2.47714580735555,-27.9339975623534
2.47871660368235,-30.4382729896124
2.48028740000914,-33.4477110582627
2.48185819633594,-35.9112671587146
2.48342899266273,-34.9971285391904
2.48499978898953,-32.0168059293057
2.48657058531632,-29.2607562227403
2.48814138164312,-27.039271028769
2.48971217796991,-25.2426785208703
2.49128297429671,-23.7584958242247
2.4928537706235,-22.5077659995314
2.4944245669503,-21.4368783916786
2.49599536327709,-20.5087433516479
2.49756615960389,-19.6969725218929
2.49913695593068,-18.9822697474022
2.50070775225748,-18.3501767833141
2.50227854858427,-17.7896309741423
2.50384934491106,-17.2920167660359
2.50542014123786,-16.8505251470382
2.50699093756466,-16.4597103618836
2.50856173389145,-16.115176394459
2.51013253021824,-15.813350964041
2.51170332654504,-15.5513199293076
2.51327412287183,-15.3267043123193
2.51484491919863,-15.1375680291646
2.51641571552542,-14.9823482058574
2.51798651185222,-14.8598024622213
2.51955730817901,-14.7689692383892
2.52112810450581,-14.7091384093863
2.5226989008326,-14.6798302658781
2.5242696971594,-14.6807815514164
2.52584049348619,-14.7119377170213
2.52741128981299,-14.7734509375469
2.52898208613978,-14.8656837720595
2.53055288246658,-14.9892186764057
2.53212367879337,-15.1448739224673
2.53369447512017,-15.3337268805067
2.53526527144696,-15.5571461222401
2.53683606777376,-15.8168344624058
2.53840686410055,-16.1148859618886
2.53997766042735,-16.4538611962567
2.54154845675414,-16.8368869526887
2.54311925308094,-17.2677892796142
2.54469004940773,-17.7512730060198
2.54626084573453,-18.2931673547837
2.54783164206132,-18.9007676036106
2.54940243838812,-19.5833195183586
2.55097323471491,-20.3527211170412
2.55254403104171,-21.2245633717282
2.5541148273685,-22.2197116150186
2.5556856236953,-23.3667629503868
2.55725642002209,-24.7059107785454
2.55882721634889,-26.2948632045659
2.56039801267568,-28.2162854154366
2.56196880900248,-30.5753068685311
2.56353960532927,-33.3968048544663
2.56511040165607,-35.9256870866733
2.56668119798286,-35.6837918816211
2.56825199430966,-33.0271020224006
2.56982279063645,-30.3018601081247
2.57139358696325,-28.0545982090079
2.57296438329004,-26.22968856054
2.57453517961684,-24.7236021321162
2.57610597594363,-23.457807558541
2.57767677227043,-22.3777062068194
2.57924756859722,-21.4452016205656
2.58081836492401,-20.6331129084115
2.58238916125081,-19.9215592547368
2.5839599575776,-19.2956601183522
2.5855307539044,-18.7440511384688
2.5871015502312,-18.2579042659712
2.58867234655799,-17.8302649867792
2.59024314288478,-17.4555936417092
2.59181393921158,-17.1294413633002
2.59338473553837,-16.8482169552957
2.59495553186517,-16.6090166412235
2.59652632819196,-16.4094982531009
2.59809712451876,-16.2477875330817
2.59966792084555,-16.1224081718969
2.60123871717235,-16.0322298274005
2.60280951349914,-15.9764301473793
2.60438030982594,-15.9544680668493
2.60595110615273,-15.9660665539079
2.60752190247953,-16.0112036661603
2.60909269880632,-16.0901113389516
2.61066349513312,-16.2032818220199
2.61223429145991,-16.3514821669559
2.61380508778671,-16.535777696535
2.6153758841135,-16.7575660180026
2.6169466804403,-17.0186239522004
2.61851747676709,-17.3211708465794
2.62008827309389,-17.667953282971
2.62165906942068,-18.0623584285673
2.62322986574748,-18.5085666057597
2.62480066207427,-19.0117587155209
2.62637145840107,-19.5784020039876
2.62794225472786,-20.2166500999034
2.62951305105466,-20.9369132875495
2.63108384738145,-21.7526876276709
2.63265464370825,-22.6817845614759
2.63422544003504,-23.7481850837517
2.63579623636184,-24.9848489339896
2.63736703268863,-26.4378252517264
2.63893782901543,-28.1711917702655
2.64050862534222,-30.2663145378713
2.64207942166902,-32.7717936679752
2.64365021799581,-35.3685037918473
2.64522101432261,-36.4160903841144
2.6467918106494,-34.6918655529715
2.6483626069762,-32.0798508613628
2.64993340330299,-29.7439667749048
2.65150419962979,-27.8166207365752
2.65307499595658,-26.2258001476084
2.65464579228338,-24.8941529645761
2.65621658861017,-23.7635798703444
2.65778738493696,-22.7925756572996
2.65935818126376,-21.951337009667
2.66092897759055,-21.2180679687506
2.66249977391735,-20.57650088136
2.66407057024414,-20.014261735644
2.66564136657094,-19.5217816657978
2.66721216289773,-19.0915589661969
2.66878295922453,-18.7176487697809
2.67035375555132,-18.3953034220448
2.67192455187812,-18.120714734336
2.67349534820491,-17.8908266246742
2.67506614453171,-17.7031974654264
2.6766369408585,-17.555898330651
2.6782077371853,-17.4474377986859
2.67977853351209,-17.3767069306769
2.68134932983889,-17.3429400682537
2.68292012616568,-17.3456885182631
2.68449092249248,-17.3848052397883
2.68606171881927,-17.4604394654285
2.68763251514607,-17.57304087912
2.68920331147286,-17.723373618247
2.69077410779966,-17.9125410419731
2.69234490412645,-18.1420229886744
2.69391570045325,-18.413728229003
2.69548649678004,-18.7300661387344
2.69705729310684,-19.0940434593211
2.69862808943363,-19.5093946770845
2.70019888576043,-19.9807584924481
2.70176968208722,-20.513918794909
2.70334047841402,-21.1161376609266
2.70491127474081,-21.7966219484918
2.70648207106761,-22.5671866946168
2.7080528673944,-23.4432107557902
2.7096236637212,-24.4450228702737
2.71119446004799,-25.5998888438669
2.71276525637479,-26.944671868587
2.71433605270158,-28.5284192050176
2.71590684902838,-30.4097538332189
2.71747764535517,-32.6222120888179
2.71904844168197,-34.9855872207871
2.72061923800876,-36.5198599041217
2.72219003433556,-35.8113589547304
2.72376083066235,-33.6421212961726
2.72533162698915,-31.3843603987689
2.72690242331594,-29.4356500389428
2.72847321964274,-27.8049933368388
2.73004401596953,-26.4354567256104
2.73161481229632,-25.2733774404552
2.73318560862312,-24.2775207012577
2.73475640494991,-23.4173576611426
2.73632720127671,-22.670244069236
2.7378979976035,-22.0191681292713
2.7394687939303,-21.4511554131048
2.74103959025709,-20.9561681095226
2.74261038658389,-20.5263440358312
2.74418118291068,-20.155464578199
2.74575197923748,-19.8385774491866
2.74732277556427,-19.5717255126103
2.74889357189107,-19.3517495312509
2.75046436821786,-19.1761434425987
2.75203516454466,-19.0429477649004
2.75360596087145,-18.9506713531446
2.75517675719825,-18.8982348308658
2.75674755352504,-18.8849311664496
2.75831834985184,-18.9104003914133
2.75988914617863,-18.9746166015041
2.76145994250543,-19.0778862953927
2.76303073883222,-19.2208579046577
2.76460153515902,-19.404543146327
2.76617233148581,-19.6303516745075
2.76774312781261,-19.9001415194707
2.7693139241394,-20.2162891057788
2.7708847204662,-20.5817844067556
2.77245551679299,-21.0003592656974
2.77402631311979,-21.4766604494081
2.77559710944658,-22.016484100095
2.77716790577338,-22.6270955774225
2.77873870210017,-23.317668899541
2.78030949842697,-24.0998930066473
2.78188029475376,-24.9888040637038
2.78345109108056,-26.0038956425821
2.78502188740735,-27.1704595378684
2.78659268373415,-28.5206439164201
2.78816348006094,-30.0918196369144
2.78973427638774,-31.9123619851159
2.79130507271453,-33.9371260410487
2.79287586904133,-35.8270739652352
2.79444666536812,-36.6463672132797
2.79601746169492,-35.727177118572
2.79758825802171,-33.8607661469567
2.79915905434851,-31.9232334535663
2.8007298506753,-30.2033072668893
2.8023006470021,-28.7314397434926
2.80387144332889,-27.4766645939056
2.80544223965568,-26.4019251479689
2.80701303598248,-25.4758830330218
2.80858383230928,-24.6739991147437
2.81015462863607,-23.9773843541261
2.81172542496286,-23.3714739322302
2.81329622128966,-22.8449489650273
2.81486701761645,-22.3889324943742
2.81643781394325,-21.9964048012171
2.81800861027004,-21.6617797707285
2.81957940659684,-21.3805966114246
2.82115020292363,-21.1492940145441
2.82272099925043,-20.9650437231321
2.82429179557722,-20.8256275329522
2.82586259190402,-20.729346654412
2.82743338823081,-20.6749557718777
2.82900418455761,-20.6616165299965
2.8305749808844,-20.688866897217
2.8321457772112,-20.7566041404354
2.83371657353799,-20.8650801569102
2.83528736986479,-21.0149087713724
2.83685816619158,-21.2070854133944
2.83842896251838,-21.4430204270655
2.83999975884517,-21.7245882158857
2.84157055517197,-22.0541955823447
2.84314135149876,-22.4348740876524
2.84471214782556,-22.8704031414728
2.84628294415235,-23.3654729105011
2.84785374047915,-23.9258989262557
2.84942453680594,-24.5589028661599
2.85099533313274,-25.273474183464
2.85256612945953,-26.0808182752196
2.85413692578633,-26.9948585165772
2.85570772211312,-28.0326318405042
2.85727851843992,-29.2140198321566
2.85884931476671,-30.5590356360509
2.86042011109351,-32.0771783764624
2.8619909074203,-33.732977565004
2.8635617037471,-35.3529048580955
2.86513250007389,-36.4793746019562
2.86670329640069,-36.5217721241475
2.86827409272748,-35.4824339267807
2.86984488905428,-33.9530664396786
2.87141568538107,-32.3895370043905
2.87298648170787,-30.9642291436119
2.87455727803466,-29.7122138834193
2.87612807436146,-28.6239060072837
2.87769887068825,-27.6793091682948
2.87926966701505,-26.8585881425494
2.88084046334184,-26.1447587430996
2.88241125966863,-25.523950045695
2.88398205599543,-24.9850073903039
2.88555285232222,-24.5189905234127
2.88712364864902,-24.1187260125238
2.88869444497582,-23.7784462303821
2.89026524130261,-23.4935091142329
2.8918360376294,-23.2601840039536
2.8934068339562,-23.0754890861798
2.89497763028299,-22.937068564713
2.89654842660979,-22.8431004595371
2.89811922293658,-22.7922283007335
2.89969001926338,-22.783511846712
2.90126081559017,-22.8163933915156
2.90283161191697,-22.8906773367224
2.90440240824376,-23.0065215839755
2.90597320457056,-23.1644400306154
2.90754400089735,-23.3653160810854
2.90911479722415,-23.6104276603527
2.91068559355094,-23.9014847499051
2.91225638987774,-24.2406809430896
2.91382718620453,-24.6307608445711
2.91539798253133,-25.0751050768177
2.91696877885812,-25.5778336305729
2.91853957518492,-26.1439249899828
2.92011037151171,-26.7793398783436
2.92168116783851,-27.4911177334007
2.9232519641653,-28.2873651827793
2.9248227604921,-29.176941441846
2.92639355681889,-30.1683779521323
2.92796435314569,-31.266949493301
2.92953514947248,-32.4674447027837
2.93110594579928,-33.7376397700031
2.93267674212607,-34.9855417871161
2.93424753845287,-36.0162327102449
2.93581833477966,-36.5454959577662
2.93738913110646,-36.3806449906636
2.93895992743325,-35.6192838312877
2.94053072376005,-34.5421752088917
2.94210152008684,-33.3854720010284
2.94367231641364,-32.274221686126
2.94524311274043,-31.2576364652172
2.94681390906723,-30.3481490060964
2.94838470539402,-29.5431226216968
2.94995550172082,-28.8347221306776
2.95152629804761,-28.2140181598369
2.95309709437441,-27.6725644221467
2.9546678907012,-27.2029149857284
2.956238687028,-26.7987133859807
2.95780948335479,-26.4546211397325
2.95938027968159,-26.1661973153334
2.96095107600838,-25.9297742059366
2.96252187233517,-25.7423457566158
2.96409266866197,-25.6014734704438
2.96566346498876,-25.505209734349
2.96723426131556,-25.4520368063679
2.96880505764235,-25.4408193087594
2.97037585396915,-25.4707681878802
2.97194665029594,-25.5414143828487
2.97351744662274,-25.6525907353853
2.97508824294953,-25.8044208981329
2.97665903927633,-25.9973141093172
2.97822983560312,-26.2319646426007
2.97980063192992,-26.5093544238745
2.98137142825671,-26.8307565753311
2.98294222458351,-27.1977362222452
2.9845130209103,-27.6121422807356
2.9860838172371,-28.0760792452589
2.98765461356389,-28.5918396273374
2.98922540989069,-29.1617628604662
2.99079620621748,-29.7879603345825
2.99236700254428,-30.4718007967911
2.99393779887107,-31.2129741379345
2.99550859519787,-32.0078336226802
2.99707939152466,-32.8465687467755
2.99865018785146,-33.7086955729589
3.00022098417825,-34.5567827769505
3.00179178050505,-35.3302569160945
3.00336257683184,-35.9456105591027
3.00493337315864,-36.3135912977921
3.00650416948543,-36.3759905010154
3.00807496581223,-36.1386336760263
3.00964576213902,-35.667766682087
3.01121655846582,-35.0537942725954
3.01278735479261,-34.3769451618478
3.01435815111941,-33.6935879456015
3.0159289474462,-33.0377782151307
3.017499743773,-32.4277523114331
3.01907054009979,-31.8719520174396
3.02064133642659,-31.3732217550299
3.02221213275338,-30.9314009479585
3.02378292908018,-30.5448311686912
3.02535372540697,-30.2112014966884
3.02692452173377,-29.9280091637154
3.02849531806056,-29.6928018776764
3.03006611438736,-29.5032980200505
3.03163691071415,-29.3574393840092
3.03320770704094,-29.2534072646818
3.03477850336774,-29.1896191577907
3.03634929969454,-29.1647156310465
3.03792009602133,-29.1775425482163
3.03949089234812,-29.2271313001473
3.04106168867492,-29.3126782109743
3.04263248500171,-29.4335233740165
3.04420328132851,-29.5891285588301
3.04577407765531,-29.7790533547089
3.0473448739821,-30.0029282715642
3.04891567030889,-30.2604230327656
3.05048646663569,-30.5512077094072
3.05205726296248,-30.8749036168912
3.05362805928928,-31.2310199948454
3.05519885561607,-31.6188714278709
3.05676965194287,-32.0374698218876
3.05834044826966,-32.4853837695737
3.05991124459646,-32.9605578543325
3.06148204092325,-33.4600859041171
3.06305283725005,-33.97993726403
3.06462363357684,-34.5146467046208
3.06619442990364,-35.0570003893262
3.06776522623043,-35.5977855975266
3.06933602255723,-36.1257192352261
3.07090681888402,-36.6277159669924
3.07247761521082,-37.08966695299
3.07404841153761,-37.497822522393
3.07561920786441,-37.8406688516968
3.0771900041912,-38.1109009404836
3.078760800518,-38.3068825373546
3.08033159684479,-38.4330479542345
3.08190239317159,-38.4990845023727
3.08347318949838,-38.51822170616
3.08504398582518,-38.5052353307447
3.08661478215197,-38.4747226876462
3.08818557847877,-38.4399424880143
3.08975637480556,-38.4122425494904
3.09132717113236,-38.4009411194977
3.09289796745915,-38.4134874857422
3.09446876378595,-38.4557558011198
3.09603956011274,-38.5323751715686
3.09761035643954,-38.6470428933794
3.09918115276633,-38.802798090768
3.10075194909313,-39.0022508307147
3.10232274541992,-39.2477707960486
3.10389354174672,-39.5416433260365
3.10546433807351,-39.8862016169515
3.1070351344003,-40
3.1086059307271,-40
3.1101767270539,-40
3.11174752338069,-40
3.11331831970748,-40
3.11488911603428,-40
3.11645991236107,-40
3.11803070868787,-40
3.11960150501466,-40
3.12117230134146,-40
3.12274309766825,-40
3.12431389399505,-40
3.12588469032184,-40
3.12745548664864,-40
3.12902628297543,-40
3.13059707930223,-40
3.13216787562902,-40
3.13373867195582,-40
3.13530946828261,-40
3.13688026460941,-40
3.1384510609362,-40
3.140021857263,-40
