-3.14159265358979,-40
-3.140021857263,-40
-3.1384510609362,-40
-3.13688026460941,-40
-3.13530946828261,-40
-3.13373867195582,-40
-3.13216787562902,-40
-3.13059707930223,-40
-3.12902628297543,-40
-3.12745548664864,-40
-3.12588469032184,-40
-3.12431389399505,-40
-3.12274309766825,-40
-3.12117230134146,-40
-3.11960150501466,-40
-3.11803070868787,-40
-3.11645991236107,-40
-3.11488911603428,-40
-3.11331831970748,-40
-3.11174752338069,-40
-3.1101767270539,-40
-3.1086059307271,-40
-3.10703513440031,-40
-3.10546433807351,-40
-3.10389354174672,-40
-3.10232274541992,-40
-3.10075194909313,-40
-3.09918115276633,-40
-3.09761035643954,-40
-3.09603956011274,-39.6959227313955
-3.09446876378595,-39.1780519723356
-3.09289796745915,-38.6820735238747
-3.09132717113236,-38.2067782455034
-3.08975637480556,-37.7510708426119
-3.08818557847877,-37.3139563321978
-3.08661478215197,-36.8945284681381
-3.08504398582518,-36.4919597940241
-3.08347318949838,-36.1054930551739
-3.08190239317159,-35.7344337514587
-3.08033159684479,-35.3781436521701
-3.078760800518,-35.0360351257347
-3.0771900041912,-34.707566162373
-3.07561920786441,-34.3922359882108
-3.07404841153761,-34.0895811858985
-3.07247761521082,-33.7991722502572
-3.07090681888402,-33.52061051849
-3.06933602255723,-33.2535254235653
-3.06776522623043,-32.9975720268192
-3.06619442990364,-32.7524287920052
-3.06462363357684,-32.517795568115
-3.06305283725005,-32.2933917525432
-3.06148204092325,-32.0789546096618
-3.05991124459646,-31.8742377228011
-3.05834044826966,-31.6790095600229
-3.05676965194287,-31.4930521360555
-3.05519885561607,-31.316159754374
-3.05362805928928,-31.1481378146984
-3.05205726296248,-30.9888016722176
-3.05048646663569,-30.8379755356328
-3.04891567030889,-30.6954913916832
-3.0473448739821,-30.5611879442308
-3.0457740776553,-30.4349095561835
-3.04420328132851,-30.3165051826442
-3.04263248500171,-30.2058272836146
-3.04106168867492,-30.1027307044395
-3.03949089234812,-30.0070715119423
-3.03792009602133,-29.9187057739044
-3.03634929969453,-29.8374882692209
-3.03477850336774,-29.7632711157547
-3.03320770704095,-29.6959023026552
-3.03163691071415,-29.635224113798
-3.03006611438736,-29.58107142908
-3.02849531806056,-29.5332698907201
-3.02692452173377,-29.4916339225683
-3.02535372540697,-29.4559645919006
-3.02378292908018,-29.4260473054678
-3.02221213275338,-29.401649334923
-3.02064133642659,-29.3825171714606
-3.01907054009979,-29.3683737158967
-3.017499743773,-29.3589153188783
-3.0159289474462,-29.353808696828
-3.01435815111941,-29.3526877630227
-3.01278735479261,-29.3551504302222
-3.01121655846582,-29.3607554618069
-3.00964576213902,-29.3690194725336
-3.00807496581223,-29.379414207593
-3.00650416948543,-29.3913642590468
-3.00493337315864,-29.4042454107151
-3.00336257683184,-29.4173838342038
-3.00179178050505,-29.4300563871093
-3.00022098417825,-29.4414922855342
-2.99865018785146,-29.45087643192
-2.99707939152466,-29.457354669996
-2.99550859519787,-29.4600412051107
-2.99393779887107,-29.4580283645002
-2.99236700254428,-29.4503987738302
-2.99079620621748,-29.4362398922371
-2.98922540989069,-29.4146606811826
-2.98765461356389,-29.3848099916119
-2.9860838172371,-29.34589605448
-2.9845130209103,-29.2972062729704
-2.98294222458351,-29.238126365984
-2.98137142825671,-29.1681578275131
-2.97980063192992,-29.0869326670291
-2.97822983560312,-28.9942244945807
-2.97665903927633,-28.8899552104721
-2.97508824294953,-28.7741968378773
-2.97351744662274,-28.6471683686544
-2.97194665029594,-28.5092278398134
-2.97037585396915,-28.3608601797107
-2.96880505764235,-28.2026616227513
-2.96723426131556,-28.0353216634714
-2.96566346498876,-27.8596035938569
-2.96409266866197,-27.6763246447779
-2.96252187233517,-27.4863366488414
-2.96095107600838,-27.2905079809943
-2.95938027968158,-27.089707340921
-2.95780948335479,-26.8847897422369
-2.956238687028,-26.6765848875541
-2.9546678907012,-26.4658879493573
-2.95309709437441,-26.2534526515848
-2.95152629804761,-26.0399864576679
-2.94995550172082,-25.8261476152585
-2.94838470539402,-25.6125437811325
-2.94681390906723,-25.3997319457296
-2.94524311274043,-25.1882193892955
-2.94367231641364,-24.9784654249483
-2.94210152008684,-24.7708837134784
-2.94053072376005,-24.5658449666095
-2.93895992743325,-24.3636798871531
-2.93738913110646,-24.1646822242071
-2.93581833477966,-23.9691118482448
-2.93424753845287,-23.7771977741238
-2.93267674212607,-23.5891410796087
-2.93110594579928,-23.4051176831073
-2.92953514947248,-23.2252809572686
-2.92796435314569,-23.0497641652627
-2.92639355681889,-22.8786827143787
-2.9248227604921,-22.7121362274019
-2.9232519641653,-22.5502104364646
-2.92168116783851,-22.3929789070017
-2.92011037151171,-22.2405046013619
-2.91853957518492,-22.0928412927809
-2.91696877885812,-21.9500348409705
-2.91539798253133,-21.8121243407062
-2.91382718620453,-21.6791431546
-2.91225638987774,-21.5511198408407
-2.91068559355094,-21.4280789861326
-2.90911479722415,-21.3100419534295
-2.90754400089735,-21.1970275533778
-2.90597320457056,-21.0890526476919
-2.90440240824376,-20.9861326919983
-2.90283161191697,-20.8882822250236
-2.90126081559017,-20.7955153103711
-2.89969001926338,-20.7078459365439
-2.89811922293658,-20.6252883803206
-2.89654842660979,-20.5478575380875
-2.89497763028299,-20.4755692292656
-2.8934068339562,-20.408440475548
-2.8918360376294,-20.3464897592781
-2.89026524130261,-20.289737263944
-2.88869444497581,-20.2382050994493
-2.88712364864902,-20.1919175145191
-2.88555285232222,-20.1509010983365
-2.88398205599543,-20.1151849732462
-2.88241125966864,-20.0848009801289
-2.88084046334184,-20.0597838578203
-2.87926966701505,-20.0401714177254
-2.87769887068825,-20.0260047145565
-2.87612807436146,-20.0173282138919
-2.87455727803466,-20.0141899570094
-2.87298648170787,-20.0166417231829
-2.87141568538107,-20.0247391893357
-2.86984488905428,-20.0385420866042
-2.86827409272748,-20.0581143529766
-2.86670329640069,-20.0835242807043
-2.86513250007389,-20.1148446566338
-2.8635617037471,-20.152152892938
-2.8619909074203,-20.1955311449172
-2.86042011109351,-20.2450664115535
-2.85884931476671,-20.3008506132884
-2.85727851843992,-20.3629806400111
-2.85570772211312,-20.431558360409
-2.85413692578633,-20.5066905815718
-2.85256612945953,-20.5884889449459
-2.85099533313274,-20.6770697412786
-2.84942453680594,-20.7725536229094
-2.84785374047915,-20.8750651864614
-2.84628294415235,-20.9847323924155
-2.84471214782556,-21.1016857799007
-2.84314135149876,-21.2260574249538
-2.84157055517197,-21.3579795780166
-2.83999975884517,-21.4975829010254
-2.83842896251838,-21.6449942054491
-2.83685816619158,-21.8003335693007
-2.83528736986479,-21.9637106826319
-2.83371657353799,-22.1352202364014
-2.8321457772112,-22.3149361279661
-2.8305749808844,-22.5029042069829
-2.82900418455761,-22.6991332278216
-2.82743338823081,-22.9035836090145
-2.82586259190402,-23.1161535286206
-2.82429179557722,-23.3366618109217
-2.82272099925043,-23.5648269929734
-2.82115020292363,-23.8002419139729
-2.81957940659684,-24.0423431706879
-2.81800861027004,-24.2903748668053
-2.81643781394325,-24.5433463105895
-2.81486701761645,-24.7999837651554
-2.81329622128966,-25.0586771363356
-2.81172542496286,-25.31742372214
-2.81015462863607,-25.5737729705839
-2.80858383230927,-25.8247786711446
-2.80701303598248,-26.0669680632151
-2.80544223965569,-26.2963406154794
-2.80387144332889,-26.5084118862069
-2.8023006470021,-26.6983185174664
-2.8007298506753,-26.8609971855548
-2.79915905434851,-26.9914414479857
-2.79758825802171,-27.085025292723
-2.79601746169492,-27.1378627540865
-2.79444666536812,-27.1471544931283
-2.79287586904133,-27.1114623759833
-2.79130507271453,-27.0308585138013
-2.78973427638774,-26.9069174420156
-2.78816348006094,-26.7425531206142
-2.78659268373415,-26.5417348456701
-2.78502188740735,-26.309136897418
-2.78345109108056,-26.0497805256768
-2.78188029475376,-25.7687158377529
-2.78030949842697,-25.4707722795684
-2.77873870210017,-25.1603871982027
-2.77716790577338,-24.8415074089137
-2.77559710944658,-24.5175504092705
-2.77402631311979,-24.1914091121138
-2.77245551679299,-23.8654848828592
-2.7708847204662,-23.5417364338202
-2.7693139241394,-23.2217354057931
-2.76774312781261,-22.9067224793591
-2.76617233148581,-22.5976602735004
-2.76460153515902,-22.2952810509555
-2.76303073883222,-22.0001284386822
-2.76145994250543,-21.712593115174
-2.75988914617863,-21.432942840425
-2.75831834985184,-21.1613474140163
-2.75674755352504,-20.8978992211005
-2.75517675719825,-20.6426300204913
-2.75360596087145,-20.3955245805735
-2.75203516454466,-20.1565317006915
-2.75046436821786,-19.9255730821206
-2.74889357189107,-19.7025504415276
-2.74732277556427,-19.4873511949747
-2.74575197923748,-19.2798529836367
-2.74418118291068,-19.0799272637298
-2.74261038658389,-18.8874421422372
-2.74103959025709,-18.7022646060343
-2.7394687939303,-18.5242622640581
-2.7378979976035,-18.3533046992954
-2.73632720127671,-18.1892645087634
-2.73475640494991,-18.0320180945599
-2.73318560862312,-17.8814462568555
-2.73161481229633,-17.737434629836
-2.73004401596953,-17.5998739936467
-2.72847321964274,-17.4686604889766
-2.72690242331594,-17.3436957557488
-2.72533162698915,-17.2248870132195
-2.72376083066235,-17.11214709543
-2.72219003433556,-17.0053944532563
-2.72061923800876,-16.9045531321199
-2.71904844168197,-16.8095527326732
-2.71747764535517,-16.7203283603626
-2.71590684902838,-16.6368205686366
-2.71433605270158,-16.5589752996606
-2.71276525637479,-16.4867438256652
-2.71119446004799,-16.4200826934802
-2.7096236637212,-16.358953674338
-2.7080528673944,-16.303323720669
-2.70648207106761,-16.2531649313236
-2.70491127474081,-16.2084545264351
-2.70334047841402,-16.16917483297
-2.70176968208722,-16.1353132818896
-2.70019888576043,-16.106862417756
-2.69862808943363,-16.0838199215629
-2.69705729310684,-16.0661886475361
-2.69548649678004,-16.053976674639
-2.69391570045325,-16.0471973735269
-2.69234490412645,-16.045869489714
-2.69077410779966,-16.0500172437547
-2.68920331147286,-16.0596704492855
-2.68763251514607,-16.0748646498279
-2.68606171881927,-16.095641275319
-2.68449092249248,-16.1220478193977
-2.68292012616568,-16.1541380385482
-2.68134932983889,-16.1919721742713
-2.67977853351209,-16.235617199519
-2.6782077371853,-16.2851470906853
-2.6766369408585,-16.3406431264938
-2.67506614453171,-16.402194215139
-2.67349534820491,-16.4698972510343
-2.67192455187812,-16.5438575024612
-2.67035375555132,-16.6241890312989
-2.66878295922453,-16.711015145806
-2.66721216289773,-16.8044688871065
-2.66564136657094,-16.9046935495464
-2.66407057024414,-17.0118432343931
-2.66249977391735,-17.1260834353588
-2.66092897759055,-17.2475916530625
-2.65935818126376,-17.3765580336498
-2.65778738493696,-17.5131860242164
-2.65621658861017,-17.657693034175
-2.65464579228338,-17.810311086973
-2.65307499595658,-17.9712874401838
-2.65150419962979,-18.1408851434008
-2.64993340330299,-18.3193834918032
-2.6483626069762,-18.5070783177336
-2.6467918106494,-18.7042820417343
-2.64522101432261,-18.9113233764123
-2.64365021799581,-19.1285465387132
-2.64207942166902,-19.356309775335
-2.64050862534222,-19.5949829375383
-2.63893782901543,-19.8449437494581
-2.63736703268863,-20.1065722900643
-2.63579623636184,-20.3802430425324
-2.63422544003504,-20.6663136422019
-2.63265464370825,-20.9651091582417
-2.63108384738145,-21.276900353949
-2.62951305105466,-21.6018738635887
-2.62794225472786,-21.9400915793475
-2.62637145840107,-22.2914357517356
-2.62480066207427,-22.6555353942223
-2.62322986574748,-23.0316686429114
-2.62165906942068,-23.4186349912249
-2.62008827309389,-23.8145912940738
-2.61851747676709,-24.2168470488478
-2.6169466804403,-24.6216193015344
-2.6153758841135,-25.0237579984231
-2.61380508778671,-25.4164717041599
-2.61223429145991,-25.7911136645044
-2.61066349513312,-26.1371275650261
-2.60909269880632,-26.4422895213511
-2.60752190247953,-26.6933903091328
-2.60595110615273,-26.877438361547
-2.60438030982594,-26.9832993384473
-2.60280951349914,-27.0034515792423
-2.60123871717235,-26.9353508666658
-2.59966792084555,-26.7819237109078
-2.59809712451876,-26.5509994618022
-2.59652632819196,-26.2538989283076
-2.59495553186517,-25.9036716226332
-2.59338473553837,-25.5134800968712
-2.59181393921158,-25.0954345816656
-2.59024314288478,-24.6599468305902
-2.58867234655799,-24.2155147581063
-2.58710155023119,-23.7687925408933
-2.5855307539044,-23.3248117869847
-2.5839599575776,-22.8872574335892
-2.58238916125081,-22.4587409572885
-2.58081836492402,-22.0410427195588
-2.57924756859722,-21.6353136432593
-2.57767677227043,-21.2422363803345
-2.57610597594363,-20.8621506659486
-2.57453517961684,-20.4951490034533
-2.57296438329004,-20.1411487227895
-2.57139358696325,-19.7999456961404
-2.56982279063645,-19.4712540509392
-2.56825199430966,-19.1547353146718
-2.56668119798286,-18.8500196460507
-2.56511040165607,-18.5567211733125
-2.56353960532927,-18.2744489626344
-2.56196880900248,-18.0028147570725
-2.56039801267568,-17.7414383363821
-2.55882721634889,-17.4899511301162
-2.55725642002209,-17.2479985535262
-2.5556856236953,-17.0152414144744
-2.5541148273685,-16.7913566493756
-2.55254403104171,-16.576037579185
-2.55097323471491,-16.3689938266812
-2.54940243838812,-16.1699509993152
-2.54783164206132,-15.9786502144106
-2.54626084573453,-15.7948475230596
-2.54469004940773,-15.6183132738527
-2.54311925308094,-15.448831446268
-2.54154845675414,-15.2861989751368
-2.53997766042735,-15.1302250813487
-2.53840686410055,-14.9807306193314
-2.53683606777376,-14.8375474484104
-2.53526527144696,-14.7005178326324
-2.53369447512017,-14.5694938717893
-2.53212367879337,-14.4443369650365
-2.53055288246658,-14.3249173075405
-2.52898208613978,-14.2111134199057
-2.52741128981299,-14.1028117096641
-2.52584049348619,-13.9999060638002
-2.5242696971594,-13.9022974710837
-2.5226989008326,-13.8098936728748
-2.52112810450581,-13.7226088410174
-2.51955730817901,-13.6403632814333
-2.51798651185222,-13.5630831620582
-2.51641571552542,-13.4907002638144
-2.51484491919863,-13.4231517533806
-2.51327412287183,-13.3603799765981
-2.51170332654504,-13.3023322714351
-2.51013253021824,-13.2489607995184
-2.50856173389145,-13.2002223953329
-2.50699093756465,-13.1560784322724
-2.50542014123786,-13.1164947048206
-2.50384934491107,-13.0814413262221
-2.50227854858427,-13.0508926410908
-2.50070775225748,-13.0248271524883
-2.49913695593068,-13.003227463084
-2.49756615960389,-12.9860802300923
-2.49599536327709,-12.9733761337608
-2.4944245669503,-12.9651098592643
-2.4928537706235,-12.9612800919372
-2.49128297429671,-12.9618895258594
-2.48971217796991,-12.9669448858876
-2.48814138164312,-12.9764569633114
-2.48657058531632,-12.9904406653946
-2.48499978898953,-13.0089150791492
-2.48342899266273,-13.031903549784
-2.48185819633594,-13.0594337743605
-2.48028740000914,-13.0915379112922
-2.47871660368235,-13.1282527064263
-2.47714580735555,-13.1696196365619
-2.47557501102876,-13.2156850713748
-2.47400421470196,-13.2665004548514
-2.47243341837517,-13.3221225074643
-2.47086262204837,-13.382613450476
-2.46929182572158,-13.4480412539061
-2.46772102939478,-13.5184799098703
-2.46615023306799,-13.5940097331739
-2.46457943674119,-13.6747176912336
-2.4630086404144,-13.7606977655996
-2.4614378440876,-13.8520513475569
-2.45986704776081,-13.9488876705016
-2.45829625143401,-14.0513242819997
-2.45672545510722,-14.1594875586527
-2.45515465878042,-14.2735132670893
-2.45358386245363,-14.393547174579
-2.45201306612683,-14.519745712889
-2.45044226980004,-14.652276699066
-2.44887147347324,-14.7913201167734
-2.44730067714645,-14.9370689616088
-2.44572988081965,-15.089730153389
-2.44415908449286,-15.2495255176313
-2.44258828816606,-15.4166928372354
-2.44101749183927,-15.5914869735053
-2.43944669551247,-15.7741810528752
-2.43787589918568,-15.9650677116739
-2.43630510285888,-16.164460385473
-2.43473430653209,-16.3726946213351
-2.43316351020529,-16.5901293796474
-2.4315927138785,-16.8171482758669
-2.4300219175517,-17.0541606895346
-2.42845112122491,-17.3016026357272
-2.42688032489812,-17.5599372490293
-2.42530952857132,-17.8296546669376
-2.42373873224453,-18.1112710110654
-2.42216793591773,-18.4053260403466
-2.42059713959094,-18.712378876194
-2.41902634326414,-19.0330009551078
-2.41745554693735,-19.367765021537
-2.41588475061055,-19.7172284945941
-2.41431395428376,-20.0819088753259
-2.41274315795696,-20.4622479409419
-2.41117236163017,-20.8585602202119
-2.40960156530337,-21.2709595799788
-2.40803076897658,-21.6992556263702
-2.40645997264978,-22.1428090928346
-2.40488917632299,-22.6003327788841
-2.40331837999619,-23.0696228405352
-2.4017475836694,-23.5472064040247
-2.4001767873426,-24.0278997031826
-2.39860599101581,-24.5042933365098
-2.39703519468901,-24.9662278535761
-2.39546439836222,-25.4004027877004
-2.39389360203542,-25.7903706258699
-2.39232280570863,-26.1172600504075
-2.39075200938183,-26.3615431008119
-2.38918121305504,-26.5058684146024
-2.38761041672824,-26.5384019303743
-2.38603962040145,-26.4555355426352
-2.38446882407465,-26.2627800491136
-2.38289802774786,-25.973410643812
-2.38132723142106,-25.6055122313504
-2.37975643509427,-25.1786669299703
-2.37818563876747,-24.7113252114946
-2.37661484244068,-24.2192792547618
-2.37504404611388,-23.7151266039233
-2.37347324978709,-23.2083854503214
-2.37190245346029,-22.705931438568
-2.3703316571335,-22.2125287836103
-2.3687608608067,-21.7313326588794
-2.36719006447991,-21.2643122159835
-2.36561926815311,-20.8125841050686
-2.36404847182632,-20.3766649581679
-2.36247767549952,-19.956657528812
-2.36090687917273,-19.552385460661
-2.35933608284593,-19.1634895890637
-2.35776528651914,-18.7894960369932
-2.35619449019234,-18.4298639073408
-2.35462369386555,-18.0840183468147
-2.35305289753876,-17.7513731867287
-2.35148210121196,-17.4313461919062
-2.34991130488517,-17.1233690891782
-2.34834050855837,-16.826893925309
-2.34676971223158,-16.5413968580769
-2.34519891590478,-16.2663801654239
-2.34362811957799,-16.0013730302311
-2.34205732325119,-15.7459314962448
-2.3404865269244,-15.4996378751824
-2.3389157305976,-15.2620998026995
-2.33734493427081,-15.0329490821281
-2.33577413794401,-14.8118404129472
-2.33420334161722,-14.5984500710073
-2.33263254529042,-14.3924745861613
-2.33106174896363,-14.1936294477468
-2.32949095263683,-14.0016478575563
-2.32792015631004,-13.8162795422935
-2.32634935998324,-13.6372896321526
-2.32477856365645,-13.4644576084261
-2.32320776732965,-13.2975763204938
-2.32163697100286,-13.1364510708304
-2.32006617467606,-12.9808987655601
-2.31849537834927,-12.8307471273954
-2.31692458202247,-12.6858339674225
-2.31535378569568,-12.5460065120165
-2.31378298936888,-12.4111207811455
-2.31221219304209,-12.2810410143953
-2.31064139671529,-12.1556391411773
-2.3090706003885,-12.0347942917609
-2.3074998040617,-11.918392345967
-2.30592900773491,-11.8063255165644
-2.30435821140811,-11.6984919646259
-2.30278741508132,-11.5947954442987
-2.30121661875452,-11.4951449746489
-2.29964582242773,-11.399454536424
-2.29807502610093,-11.3076427917551
-2.29650422977414,-11.2196328249877
-2.29493343344734,-11.1353519029818
-2.29336263712055,-11.0547312533656
-2.29179184079375,-10.9777058593572
-2.29022104446696,-10.904214269889
-2.28865024814016,-10.8341984238813
-2.28707945181337,-10.7676034876106
-2.28550865548657,-10.7043777042132
-2.28393785915978,-10.6444722544463
-2.28236706283298,-10.5878411279103
-2.28079626650619,-10.5344410040019
-2.27922547017939,-10.484231141938
-2.2776546738526,-10.4371732792434
-2.27608387752581,-10.3932315381568
-2.27451308119901,-10.3523723394516
-2.27294228487222,-10.3145643232216
-2.27137148854542,-10.2797782762162
-2.26980069221863,-10.2479870653557
-2.26822989589183,-10.2191655770871
-2.26665909956504,-10.1932906622771
-2.26508830323824,-10.1703410863692
-2.26351750691145,-10.1502974845601
-2.26194671058465,-10.1331423217764
-2.26037591425786,-10.1188598572599
-2.25880511793106,-10.1074361135906
-2.25723432160427,-10.0988588499999
-2.25566352527747,-10.0931175398494
-2.25409272895068,-10.0902033521661
-2.25252193262388,-10.0901091371493
-2.25095113629709,-10.0928294155805
-2.24938033997029,-10.0983603720847
-2.2478095436435,-10.1066998522119
-2.2462387473167,-10.1178473633237
-2.24466795098991,-10.1318040792856
-2.24309715466311,-10.1485728489869
-2.24152635833632,-10.1681582087231
-2.23995556200952,-10.1905663984952
-2.23838476568273,-10.2158053822998
-2.23681396935593,-10.2438848724994
-2.23524317302914,-10.2748163583827
-2.23367237670234,-10.3086131390445
-2.23210158037555,-10.3452903607356
-2.23053078404875,-10.3848650588534
-2.22895998772196,-10.4273562047677
-2.22738919139516,-10.4727847577004
-2.22581839506837,-10.5211737219022
-2.22424759874157,-10.5725482093971
-2.22267680241478,-10.6269355085956
-2.22110600608798,-10.6843651591057
-2.21953520976119,-10.7448690331065
-2.21796441343439,-10.8084814236851
-2.2163936171076,-10.8752391405719
-2.2148228207808,-10.945181613756
-2.21325202445401,-11.0183510055019
-2.21168122812721,-11.0947923313405
-2.21011043180042,-11.1745535906532
-2.20853963547362,-11.2576859075291
-2.20696883914683,-11.3442436826272
-2.20539804282003,-11.4342847568469
-2.20382724649324,-11.527870587665
-2.20225645016644,-11.6250664390817
-2.20068565383965,-11.7259415861836
-2.19911485751286,-11.8305695354112
-2.19754406118606,-11.9390282617045
-2.19597326485927,-12.0514004637777
-2.19440246853247,-12.1677738388611
-2.19283167220568,-12.2882413783269
-2.19126087587888,-12.4129016856979
-2.18969007955209,-12.5418593185996
-2.18811928322529,-12.6752251562778
-2.1865484868985,-12.8131167943305
-2.1849776905717,-12.9556589683078
-2.18340689424491,-13.1029840077828
-2.18183609791811,-13.2552323223962
-2.18026530159132,-13.4125529211692
-2.17869450526452,-13.575103966066
-2.17712370893773,-13.7430533603068
-2.17555291261093,-13.9165793712115
-2.17398211628414,-14.0958712863649
-2.17241131995734,-14.2811301004613
-2.17084052363055,-14.4725692282477
-2.16926972730375,-14.6704152362809
-2.16769893097696,-14.8749085825607
-2.16612813465016,-15.0863043481115
-2.16455733832337,-15.3048729378412
-2.16298654199657,-15.5309007188773
-2.16141574566978,-15.7646905522667
-2.15984494934298,-16.0065621572738
-2.15827415301619,-16.2568522250747
-2.15670335668939,-16.5159141682991
-2.1551325603626,-16.7841173519084
-2.1535617640358,-17.0618455955075
-2.15199096770901,-17.3494946623015
-2.15042017138221,-17.6474683486679
-2.14884937505542,-17.9561726515466
-2.14727857872862,-18.276007306451
-2.14570778240183,-18.6073537411538
-2.14413698607503,-18.9505581591391
-2.14256618974824,-19.3059080289783
-2.14099539342144,-19.6735996846843
-2.13942459709465,-20.0536940143542
-2.13785380076785,-20.4460563209744
-2.13628300444106,-20.8502754102109
-2.13471220811426,-21.2655559124218
-2.13314141178747,-21.6905770708321
-2.13157061546067,-22.1233113344082
-2.12999981913388,-22.5607982272903
-2.12842902280708,-22.9988750673879
-2.12685822648029,-23.4318790664076
-2.1252874301535,-23.8523586271309
-2.1237166338267,-24.250867510761
-2.12214583749991,-24.6159605909984
-2.12057504117311,-24.9345477489128
-2.11900424484632,-25.1927573537407
-2.11743344851952,-25.3773646567077
-2.11586265219273,-25.4776294251778
-2.11429185586593,-25.4871209068092
-2.11272105953914,-25.4049500499068
-2.11115026321234,-25.2359471365377
-2.10957946688555,-24.9897141537142
-2.10800867055875,-24.6789171950725
-2.10643787423196,-24.3173969456234
-2.10486707790516,-23.9185876554889
-2.10329628157837,-23.4944808649012
-2.10172548525157,-23.0551309265108
-2.10015468892478,-22.6085683187973
-2.09858389259798,-22.1609590619887
-2.09701309627119,-21.7168780600717
-2.09544229994439,-21.2796095997971
-2.0938715036176,-20.8514276678394
-2.0923007072908,-20.4338357448515
-2.09072991096401,-20.0277614584013
-2.08915911463721,-19.6337093080283
-2.08758831831042,-19.2518777628875
-2.08601752198362,-18.882247600644
-2.08444672565683,-18.5246477640631
-2.08287592933003,-18.178804004745
-2.08130513300324,-17.8443745305891
-2.07973433667644,-17.5209759331088
-2.07816354034965,-17.2082018925707
-2.07659274402285,-16.9056365425312
-2.07502194769606,-16.6128638998437
-2.07345115136926,-16.3294744055143
-2.07188035504247,-16.0550693511364
-2.07030955871567,-15.7892637638695
-2.06873876238888,-15.5316881731671
-2.06716796606208,-15.2819895715641
-2.06559716973529,-15.0398317997538
-2.06402637340849,-14.8048955255261
-2.0624555770817,-14.5768779412342
-2.0608847807549,-14.3554922712447
-2.05931398442811,-14.1404671562188
-2.05774318810131,-13.9315459628767
-2.05617239177452,-13.7284860543688
-2.05460159544772,-13.5310580464151
-2.05303079912093,-13.3390450669577
-2.05146000279413,-13.1522420316125
-2.04988920646734,-12.9704549431925
-2.04831841014055,-12.7935002205996
-2.04674761381375,-12.6212040602515
-2.04517681748696,-12.4534018316242
-2.04360602116016,-12.2899375073849
-2.04203522483337,-12.1306631278005
-2.04046442850657,-11.975438298558
-2.03889363217978,-11.8241297207671
-2.03732283585298,-11.6766107516892
-2.03575203952619,-11.5327609946
-2.03418124319939,-11.3924659161336
-2.0326104468726,-11.2556164894345
-2.0310396505458,-11.1221088614815
-2.02946885421901,-10.991844042983
-2.02789805789221,-10.8647276193135
-2.02632726156542,-10.7406694810332
-2.02475646523862,-10.6195835726142
-2.02318566891183,-10.5013876580803
-2.02161487258503,-10.3860031023416
-2.02004407625824,-10.273354667101
-2.01847327993144,-10.1633703202712
-2.01690248360465,-10.0559810579285
-2.01533168727785,-9.95112073789304
-2.01376089095106,-9.84872592409693
-2.01219009462426,-9.74873574095894
-2.01061929829747,-9.65109173704758
-2.00904850197067,-9.55573775736843
-2.00747770564388,-9.46261982365816
-2.00590690931708,-9.37168602211853
-2.00433611299029,-9.28288639806644
-2.00276531666349,-9.19617285701288
-2.0011945203367,-9.11149907172596
-1.9996237240099,-9.02882039486038
-1.99805292768311,-8.94809377677497
-1.99648213135631,-8.86927768817988
-1.99491133502952,-8.7923320472911
-1.99334053870272,-8.71721815118471
-1.99176974237593,-8.64389861107534
-1.99019894604913,-8.57233729125582
-1.98862814972234,-8.50249925145915
-1.98705735339554,-8.43435069241973
-1.98548655706875,-8.36785890442768
-1.98391576074195,-8.30299221868368
-1.98234496441516,-8.23971996127734
-1.98077416808836,-8.17801240962227
-1.97920337176157,-8.11784075119665
-1.97763257543477,-8.05917704444401
-1.97606177910798,-8.00199418170299
-1.97449098278118,-7.94626585404189
-1.97292018645439,-7.89196651788276
-1.9713493901276,-7.83907136330789
-1.9697785938008,-7.78755628394848
-1.96820779747401,-7.73739784836259
-1.96663700114721,-7.68857327281435
-1.96506620482042,-7.64106039537447
-1.96349540849362,-7.59483765126493
-1.96192461216683,-7.54988404937679
-1.96035381584003,-7.50617914989537
-1.95878301951324,-7.46370304297079
-1.95721222318644,-7.42243632837379
-1.95564142685965,-7.38236009608497
-1.95407063053285,-7.34345590776397
-1.95249983420606,-7.30570577905223
-1.95092903787926,-7.26909216266328
-1.94935824155247,-7.23359793221898
-1.94778744522567,-7.19920636679203
-1.94621664889888,-7.16590113611656
-1.94464585257208,-7.13366628643337
-1.94307505624529,-7.10248622693521
-1.94150425991849,-7.07234571678225
-1.9399334635917,-7.04322985265787
-1.9383626672649,-7.01512405683754
-1.93679187093811,-6.98801406574506
-1.93522107461131,-6.96188591897101
-1.93365027828452,-6.93672594873125
-1.93207948195772,-6.91252076974305
-1.93050868563093,-6.88925726949874
-1.92893788930413,-6.86692259891699
-1.92736709297734,-6.84550416335397
-1.92579629665054,-6.82498961395684
-1.92422550032375,-6.80536683934274
-1.92265470399695,-6.7866239575886
-1.92108390767016,-6.76874930851645
-1.91951311134336,-6.75173144626059
-1.91794231501657,-6.73555913210333
-1.91637151868977,-6.72022132756722
-1.91480072236298,-6.7057071877513
-1.91322992603618,-6.69200605490067
-1.91165912970939,-6.67910745219867
-1.91008833338259,-6.66700107777124
-1.9085175370558,-6.65567679889444
-1.906946740729,-6.64512464639538
-1.90537594440221,-6.63533480923854
-1.90380514807541,-6.62629762928874
-1.90223435174862,-6.61800359624328
-1.90066355542182,-6.61044334272567
-1.89909275909503,-6.60360763953398
-1.89752196276823,-6.59748739103681
-1.89595116644144,-6.59207363071095
-1.89438037011465,-6.58735751681429
-1.89280957378785,-6.58333032818798
-1.89123877746106,-6.57998346018289
-1.88966798113426,-6.57730842070465
-1.88809718480747,-6.57529682637229
-1.88652638848067,-6.57394039878588
-1.88495559215388,-6.5732309608982
-1.88338479582708,-6.57316043348676
-1.88181399950029,-6.57372083172119
-1.88024320317349,-6.57490426182275
-1.8786724068467,-6.57670291781135
-1.8771016105199,-6.57910907833766
-1.87553081419311,-6.58211510359553
-1.87396001786631,-6.58571343231211
-1.87238922153952,-6.58989657881293
-1.87081842521272,-6.59465713015776
-1.86924762888593,-6.59998774334534
-1.86767683255913,-6.60588114258418
-1.86610603623234,-6.61233011662592
-1.86453523990554,-6.61932751616015
-1.86296444357875,-6.62686625126686
-1.86139364725195,-6.63493928892532
-1.85982285092516,-6.64353965057634
-1.85825205459836,-6.65266040973705
-1.85668125827157,-6.6622946896643
-1.85511046194477,-6.67243566106686
-1.85353966561798,-6.68307653986314
-1.85196886929118,-6.69421058498341
-1.85039807296439,-6.70583109621449
-1.84882727663759,-6.71793141208542
-1.8472564803108,-6.73050490779352
-1.845685683984,-6.74354499316694
-1.84411488765721,-6.75704511066604
-1.84254409133041,-6.77099873341855
-1.84097329500362,-6.7853993632899
-1.83940249867682,-6.80024052898651
-1.83783170235003,-6.81551578419108
-1.83626090602323,-6.83121870572891
-1.83469010969644,-6.8473428917637
-1.83311931336964,-6.86388196002387
-1.83154851704285,-6.88082954605511
-1.82997772071605,-6.89817930150205
-1.82840692438926,-6.91592489241552
-1.82683612806246,-6.9340599975861
-1.82526533173567,-6.9525783069034
-1.82369453540887,-6.97147351973872
-1.82212373908208,-6.99073934335316
-1.82055294275529,-7.01036949132865
-1.81898214642849,-7.0303576820219
-1.8174113501017,-7.05069763704178
-1.8158405537749,-7.07138307974783
-1.81426975744811,-7.09240773377186
-1.81269896112131,-7.11376532156096
-1.81112816479452,-7.13544956294056
-1.80955736846772,-7.1574541737015
-1.80798657214093,-7.17977286420506
-1.80641577581413,-7.20239933801096
-1.80484497948734,-7.22532729052533
-1.80327418316054,-7.24855040767015
-1.80170338683375,-7.2720623645724
-1.80013259050695,-7.29585682427496
-1.79856179418016,-7.31992743646791
-1.79699099785336,-7.34426783624195
-1.79542020152657,-7.36887164286049
-1.79384940519977,-7.39373245855663
-1.79227860887298,-7.41884386734824
-1.79070781254618,-7.44419943387819
-1.78913701621939,-7.46979270227374
-1.78756621989259,-7.49561719503109
-1.7859954235658,-7.52166641192114
-1.784424627239,-7.54793382891977
-1.78285383091221,-7.57441289716122
-1.78128303458541,-7.60109704191594
-1.77971223825862,-7.62797966159376
-1.77814144193182,-7.65505412677282
-1.77657064560503,-7.68231377925322
-1.77499984927823,-7.70975193113834
-1.77342905295144,-7.73736186394453
-1.77185825662464,-7.76513682773672
-1.77028746029785,-7.79307004029543
-1.76871666397105,-7.82115468631101
-1.76714586764426,-7.8493839166107
-1.76557507131746,-7.87775084741539
-1.76400427499067,-7.90624855962997
-1.76243347866387,-7.93487009816526
-1.76086268233708,-7.96360847129564
-1.75929188601028,-7.99245665005114
-1.75772108968349,-8.02140756764613
-1.75615029335669,-8.05045411894337
-1.7545794970299,-8.07958915995928
-1.7530087007031,-8.10880550740641
-1.75143790437631,-8.13809593827605
-1.74986710804951,-8.16745318946452
-1.74829631172272,-8.19686995743987
-1.74672551539592,-8.22633889795473
-1.74515471906913,-8.25585262580115
-1.74358392274234,-8.28540371461536
-1.74201312641554,-8.31498469672761
-1.74044233008875,-8.34458806306128
-1.73887153376195,-8.37420626308283
-1.73730073743516,-8.40383170480194
-1.73572994110836,-8.43345675482439
-1.73415914478157,-8.46307373845919
-1.73258834845477,-8.49267493988128
-1.73101755212798,-8.5222526023487
-1.72944675580118,-8.55179892847832
-1.72787595947439,-8.58130608058151
-1.72630516314759,-8.61076618105861
-1.7247343668208,-8.64017131285431
-1.723163570494,-8.66951351997601
-1.72159277416721,-8.69878480807729
-1.72002197784041,-8.72797714510339
-1.71845118151362,-8.75708246200551
-1.71688038518682,-8.78609265352047
-1.71530958886003,-8.81499957901799
-1.71373879253323,-8.84379506342
-1.71216799620644,-8.87247089818692
-1.71059719987964,-8.90101884237795
-1.70902640355285,-8.9294306237796
-1.70745560722605,-8.95769794011283
-1.70588481089926,-8.98581246030712
-1.70431401457246,-9.01376582585532
-1.70274321824567,-9.04154965223883
-1.70117242191887,-9.06915553043115
-1.69960162559208,-9.09657502847676
-1.69803082926528,-9.12379969314649
-1.69646003293849,-9.1508210516696
-1.69488923661169,-9.17763061354468
-1.6933184402849,-9.20421987242657
-1.6917476439581,-9.23058030809059
-1.69017684763131,-9.25670338847609
-1.68860605130451,-9.28258057180464
-1.68703525497772,-9.30820330877901
-1.68546445865092,-9.3335630448552
-1.68389366232413,-9.35865122259507
-1.68232286599733,-9.38345928409079
-1.68075206967054,-9.40797867346598
-1.67918127334374,-9.43220083945531
-1.67761047701695,-9.45611723804867
-1.67603968069015,-9.47971933521924
-1.67446888436336,-9.50299860971131
-1.67289808803656,-9.52594655590724
-1.67132729170977,-9.54855468676021
-1.66975649538298,-9.57081453678904
-1.66818569905618,-9.59271766514807
-1.66661490272939,-9.61425565875048
-1.66504410640259,-9.63542013546213
-1.6634733100758,-9.65620274734759
-1.661902513749,-9.6765951839759
-1.66033171742221,-9.69658917578604
-1.65876092109541,-9.71617649749513
-1.65719012476862,-9.73534897156549
-1.65561932844182,-9.75409847171095
-1.65404853211503,-9.77241692645482
-1.65247773578823,-9.79029632272274
-1.65090693946144,-9.80772870947612
-1.64933614313464,-9.82470620137759
-1.64776534680785,-9.84122098249248
-1.64619455048105,-9.85726531001421
-1.64462375415426,-9.87283151801345
-1.64305295782746,-9.88791202120789
-1.64148216150067,-9.90249931875228
-1.63991136517387,-9.91658599803493
-1.63834056884708,-9.93016473848677
-1.63676977252028,-9.9432283153959
-1.63519897619349,-9.95576960371577
-1.63362817986669,-9.96778158187799
-1.6320573835399,-9.97925733559268
-1.6304865872131,-9.9901900616336
-1.62891579088631,-10.0005730716125
-1.62734499455951,-10.0103997957258
-1.62577419823272,-10.0196637864809
-1.62420340190592,-10.0283587223859
-1.62263260557913,-10.0364784116113
-1.62106180925233,-10.0440167956073
-1.61949101292554,-10.0509679526763
-1.61792021659874,-10.0573261015024
-1.61634942027195,-10.0630856046221
-1.61477862394515,-10.0682409718412
-1.61320782761836,-10.0727868635868
-1.61163703129156,-10.076718094196
-1.61006623496477,-10.0800296351311
-1.60849543863797,-10.0827166181213
-1.60692464231118,-10.0847743382252
-1.60535384598438,-10.0861982568097
-1.60378304965759,-10.0869840044417
-1.60221225333079,-10.087127383685
-1.600641457004,-10.086624371812
-1.5990706606772,-10.0854711234013
-1.59749986435041,-10.0836639728471
-1.59592906802361,-10.0811994367539
-1.59435827169682,-10.0780742162238
-1.59278747537003,-10.074285199033
-1.59121667904323,-10.069829461691
-1.58964588271644,-10.0647042713799
-1.58807508638964,-10.0589070877733
-1.58650429006285,-10.0524355647347
-1.58493349373605,-10.0452875518817
-1.58336269740926,-10.0374610960292
-1.58179190108246,-10.0289544424979
-1.58022110475567,-10.0197660362884
-1.57865030842887,-10.0098945231284
-1.57707951210208,-9.99933875037117
-1.57550871577528,-9.98809776777229
-1.57393791944849,-9.97617082811537
-1.57236712312169,-9.96355738770347
-1.5707963267949,-9.95025710671446
-1.5692255304681,-9.93626984940508
-1.56765473414131,-9.9215956841891
-1.56608393781451,-9.90623488355835
-1.56451314148772,-9.89018792387782
-1.56294234516092,-9.87345548502938
-1.56137154883413,-9.85603844991972
-1.55980075250733,-9.83793790385351
-1.55822995618054,-9.81915513375631
-1.55665915985374,-9.79969162727456
-1.55508836352695,-9.7795490717284
-1.55351756720015,-9.7587293529358
-1.55194677087336,-9.73723455390429
-1.55037597454656,-9.7150669533858
-1.54880517821977,-9.6922290243125
-1.54723438189297,-9.66872343209721
-1.54566358556618,-9.64455303281359
-1.54409278923938,-9.61972087125648
-1.54252199291259,-9.59423017888094
-1.54095119658579,-9.56808437162596
-1.539380400259,-9.54128704762573
-1.5378096039322,-9.51384198481402
-1.53623880760541,-9.48575313841454
-1.53466801127861,-9.45702463834183
-1.53309721495182,-9.42766078648897
-1.53152641862502,-9.39766605393022
-1.52995562229823,-9.36704507802822
-1.52838482597143,-9.33580265945255
-1.52681402964464,-9.30394375912074
-1.52524323331784,-9.27147349505155
-1.52367243699105,-9.23839713914884
-1.52210164066425,-9.20472011391779
-1.52053084433746,-9.17044798910315
-1.51896004801067,-9.13558647827976
-1.51738925168387,-9.10014143537495
-1.51581845535708,-9.06411885114213
-1.51424765903028,-9.02752484958561
-1.51267686270349,-8.99036568434276
-1.51110606637669,-8.95264773502176
-1.5095352700499,-8.91437750351059
-1.5079644737231,-8.87556161025025
-1.50639367739631,-8.83620679048708
-1.50482288106951,-8.79631989049751
-1.50325208474272,-8.75590786380214
-1.50168128841592,-8.71497776736459
-1.50011049208913,-8.6735367577774
-1.49853969576233,-8.63159208745474
-1.49696889943554,-8.58915110081359
-1.49539810310874,-8.54622123046725
-1.49382730678195,-8.50280999342624
-1.49225651045515,-8.45892498730778
-1.49068571412836,-8.41457388656515
-1.48911491780156,-8.36976443873768
-1.48754412147477,-8.32450446072485
-1.48597332514797,-8.27880183508191
-1.48440252882118,-8.2326645063578
-1.48283173249438,-8.18610047745654
-1.48126093616759,-8.13911780604569
-1.47969013984079,-8.09172460099706
-1.478119343514,-8.04392901887921
-1.4765485471872,-7.99573926049153
-1.47497775086041,-7.94716356745031
-1.47340695453361,-7.89821021882773
-1.47183615820682,-7.84888752784348
-1.47026536188002,-7.79920383861622
-1.46869456555323,-7.74916752297051
-1.46712376922643,-7.6987869773118
-1.46555297289964,-7.64807061955698
-1.46398217657284,-7.59702688613712
-1.46241138024605,-7.54566422906343
-1.46084058391925,-7.49399111306324
-1.45926978759246,-7.44201601278434
-1.45769899126566,-7.38974741007401
-1.45612819493887,-7.33719379132811
-1.45455739861207,-7.28436364491301
-1.45298660228528,-7.23126545866307
-1.45141580595848,-7.17790771745535
-1.44984500963169,-7.1242989008563
-1.44827421330489,-7.07044748084741
-1.4467034169781,-7.0163619196287
-1.4451326206513,-6.96205066749507
-1.44356182432451,-6.90752216079563
-1.44199102799772,-6.85278481996716
-1.44042023167092,-6.79784704764521
-1.43884943534413,-6.74271722685429
-1.43727863901733,-6.68740371927282
-1.43570784269054,-6.63191486357956
-1.43413704636374,-6.57625897387054
-1.43256625003695,-6.52044433815696
-1.43099545371015,-6.46447921693824
-1.42942465738336,-6.40837184184625
-1.42785386105656,-6.35213041437041
-1.42628306472977,-6.29576310464959
-1.42471226840297,-6.23927805034258
-1.42314147207618,-6.18268335556702
-1.42157067574938,-6.12598708991196
-1.41999987942259,-6.06919728751759
-1.41842908309579,-6.01232194622802
-1.416858286769,-5.95536902680821
-1.4152874904422,-5.89834645223193
-1.41371669411541,-5.84126210703273
-1.41214589778861,-5.78412383671999
-1.41057510146182,-5.72693944726201
-1.40900430513502,-5.66971670462598
-1.40743350880823,-5.61246333438458
-1.40586271248143,-5.55518702137977
-1.40429191615464,-5.49789540944492
-1.40272111982784,-5.44059610118716
-1.40115032350105,-5.38329665782385
-1.39957952717425,-5.32600459907376
-1.39800873084746,-5.26872740310443
-1.39643793452066,-5.21147250653031
-1.39486713819387,-5.15424730446137
-1.39329634186707,-5.09705915060378
-1.39172554554028,-5.0399153574088
-1.39015474921348,-4.98282319626705
-1.38858395288669,-4.92578989775225
-1.38701315655989,-4.86882265190867
-1.3854423602331,-4.81192860858144
-1.3838715639063,-4.7551148777908
-1.38230076757951,-4.69838853014817
-1.38072997125271,-4.6417565973119
-1.37915917492592,-4.58522607248234
-1.37758837859912,-4.5288039109352
-1.37601758227233,-4.47249703059309
-1.37444678594553,-4.41631231263163
-1.37287598961874,-4.36025660212113
-1.37130519329194,-4.30433670870398
-1.36973439696515,-4.24855940730244
-1.36816360063835,-4.19293143886106
-1.36659280431156,-4.13745951111902
-1.36502200798477,-4.08215029941471
-1.36345121165797,-4.02701044751719
-1.36188041533118,-3.97204656848987
-1.36030961900438,-3.91726524557966
-1.35873882267759,-3.86267303313537
-1.35716802635079,-3.80827645755132
-1.355597230024,-3.7540820182385
-1.3540264336972,-3.70009618862052
-1.35245563737041,-3.64632541715389
-1.35088484104361,-3.59277612837394
-1.34931404471682,-3.53945472396346
-1.34774324839002,-3.48636758384582
-1.34617245206323,-3.43352106729946
-1.34460165573643,-3.38092151409668
-1.34303085940964,-3.32857524566369
-1.34146006308284,-3.27648856626241
-1.33988926675605,-3.22466776419506
-1.33831847042925,-3.1731191130282
-1.33674767410246,-3.1218488728399
-1.33517687777566,-3.07086329148634
-1.33360608144887,-3.02016860589129
-1.33203528512207,-2.9697710433537
-1.33046448879528,-2.91967682287881
-1.32889369246848,-2.86989215652788
-1.32732289614169,-2.82042325079028
-1.32575209981489,-2.77127630797607
-1.3241813034881,-2.72245752762829
-1.3226105071613,-2.67397310795914
-1.32103971083451,-2.62582924730482
-1.31946891450771,-2.57803214560358
-1.31789811818092,-2.53058800589589
-1.31632732185412,-2.48350303584563
-1.31475652552733,-2.43678344928483
-1.31318572920053,-2.39043546778169
-1.31161493287374,-2.34446532223162
-1.31004413654694,-2.2988792544728
-1.30847334022015,-2.25368351892558
-1.30690254389335,-2.20888438425844
-1.30533174756656,-2.16448813507857
-1.30376095123976,-2.12050107365003
-1.30219015491297,-2.07692952163875
-1.30061935858617,-2.03377982188625
-1.29904856225938,-1.99105834021164
-1.29747776593258,-1.94877146724419
-1.29590696960579,-1.90692562028713
-1.29433617327899,-1.86552724521304
-1.2927653769522,-1.82458281839206
-1.29119458062541,-1.78409884865533
-1.28962378429861,-1.74408187929268
-1.28805298797181,-1.70453849008859
-1.28648219164502,-1.66547529939478
-1.28491139531823,-1.62689896624353
-1.28334059899143,-1.58881619250139
-1.28176980266464,-1.5512337250656
-1.28019900633784,-1.51415835810533
-1.27862821001105,-1.47759693534809
-1.27705741368425,-1.44155635241486
-1.27548661735746,-1.40604355920386
-1.27391582103066,-1.37106556232749
-1.27234502470387,-1.33662942760143
-1.27077422837707,-1.30274228259118
-1.26920343205028,-1.26941131921595
-1.26763263572348,-1.23664379641372
-1.26606183939669,-1.20444704286918
-1.26449104306989,-1.17282845980774
-1.2629202467431,-1.14179552385781
-1.2613494504163,-1.11135578998489
-1.25977865408951,-1.08151689449973
-1.25820785776271,-1.0522865581446
-1.25663706143592,-1.02367258925964
-1.25506626510912,-0.995682887034626
-1.25349546878233,-0.96832544484786
-1.25192467245553,-0.941608353697319
-1.25035387612874,-0.915539805727256
-1.24878307980194,-0.8901280978552
-1.24721228347515,-0.865381635502601
-1.24564148714835,-0.84130893643496
-1.24407069082156,-0.817918634714975
-1.24249989449476,-0.795219484775121
-1.24092909816797,-0.773220365613515
-1.23935830184117,-0.751930285119627
-1.23778750551438,-0.731358384535312
-1.23621670918758,-0.711513943057156
-1.23464591286079,-0.692406382586551
-1.23307511653399,-0.674045272634544
-1.2315043202072,-0.656440335388176
-1.2299335238804,-0.639601450945822
-1.22836272755361,-0.623538662729491
-1.22679193122681,-0.608262183082118
-1.22522113490002,-0.593782399058743
-1.22365033857322,-0.580109878420309
-1.22207954224643,-0.567255375840034
-1.22050874591963,-0.555229839332274
-1.21893794959284,-0.544044416914474
-1.21736715326604,-0.533710463513525
-1.21579635693925,-0.524239548128349
-1.21422556061246,-0.515643461261035
-1.21265476428566,-0.507934222629853
-1.21108396795887,-0.501124089178003
-1.20951317163207,-0.495225563392669
-1.20794237530528,-0.490251401950083
-1.20637157897848,-0.48621462470263
-1.20480078265169,-0.483128524025805
-1.20322998632489,-0.4810066745429
-1.2016591899981,-0.479862943247259
-1.2000883936713,-0.47971150004193
-1.19851759734451,-0.480566828719507
-1.19694680101771,-0.482443738404246
-1.19537600469092,-0.485357375481357
-1.19380520836412,-0.489323236039446
-1.19223441203733,-0.494357178853335
-1.19066361571053,-0.500475438936981
-1.18909281938374,-0.507694641696411
-1.18752202305694,-0.516031817717391
-1.18595122673015,-0.525504418221036
-1.18438043040335,-0.536130331225834
-1.18280963407656,-0.547927898455505
-1.18123883774976,-0.560915933034352
-1.17966804142297,-0.575113738016146
-1.17809724509617,-0.590541125793507
-1.17652644876938,-0.607218438439425
-1.17495565244258,-0.625166569035322
-1.17338485611579,-0.644406984044181
-1.17181405978899,-0.664961746790304
-1.1702432634622,-0.686853542112942
-1.1686724671354,-0.71010570226408
-1.16710167080861,-0.734742234126742
-1.16553087448181,-0.760787847835839
-1.16396007815502,-0.788267986886762
-1.16238928182822,-0.817208859827378
-1.16081848550143,-0.847637473631998
-1.15924768917463,-0.879581668864311
-1.15767689284784,-0.913070156746368
-1.15610609652104,-0.948132558255097
-1.15453530019425,-0.984799445380062
-1.15296450386745,-1.02310238468653
-1.15139370754066,-1.06307398333429
-1.14982291121386,-1.10474793772134
-1.14825211488707,-1.14815908492757
-1.14668131856027,-1.19334345715122
-1.14511052223348,-1.24033833934455
-1.14353972590668,-1.28918233027236
-1.14196892957989,-1.33991540723174
-1.1403981332531,-1.39257899469434
-1.1388273369263,-1.4472160371518
-1.1372565405995,-1.50387107646404
-1.13568574427271,-1.56259033404164
-1.13411494794592,-1.62342179821232
-1.13254415161912,-1.68641531715734
-1.13097335529233,-1.75162269782898
-1.12940255896553,-1.81909781129899
-1.12783176263874,-1.88889670502241
-1.12626096631194,-1.9610777225401
-1.12469016998515,-2.03570163119095
-1.12311937365835,-2.11283175844542
-1.12154857733156,-2.19253413752796
-1.11997778100476,-2.27487766304778
-1.11840698467797,-2.3599342574154
-1.11683618835117,-2.44777904888757
-1.11526539202438,-2.53849056214585
-1.11369459569758,-2.63215092239043
-1.11212379937079,-2.72884607399996
-1.11055300304399,-2.82866601489241
-1.1089822067172,-2.93170504779411
-1.1074114103904,-3.03806204971939
-1.10584061406361,-3.14784076103028
-1.10426981773681,-3.26115009553887
-1.10269902141002,-3.37810447318217
-1.10112822508322,-3.49882417686593
-1.09955742875643,-3.62343573511937
-1.09798663242963,-3.75207233222857
-1.09641583610284,-3.88487424750704
-1.09484503977604,-4.02198932528711
-1.09327424344925,-4.16357347710043
-1.09170344712245,-4.30979121726589
-1.09013265079566,-4.46081623275284
-1.08856185446886,-4.61683198763534
-1.08699105814207,-4.77803236166665
-1.08542026181527,-4.94462232137941
-1.08384946548848,-5.11681862056412
-1.08227866916168,-5.29485052481171
-1.08070787283489,-5.4789605518589
-1.07913707650809,-5.66940521544783
-1.0775662801813,-5.86645575494867
-1.0759954838545,-6.07039882559732
-1.07442468752771,-6.28153711420553
-1.07285389120091,-6.50018983171252
-1.07128309487412,-6.72669301571254
-1.06971229854732,-6.9613995515175
-1.06814150222053,-7.20467878707044
-1.06657070589373,-7.45691557216398
-1.06499990956694,-7.71850849170113
-1.06342911324014,-7.98986698071826
-1.06185831691335,-8.27140689794747
-1.06028752058655,-8.56354398495514
-1.05871672425976,-8.86668443613426
-1.05714592793297,-9.18121153416477
-1.05557513160617,-9.5074669448677
-1.05400433527938,-9.84572478989258
-1.05243353895258,-10.1961559992457
-1.05086274262579,-10.5587796675553
-1.04929194629899,-10.9333971974757
-1.0477211499722,-11.3195039607905
-1.0461503536454,-11.7161722007669
-1.04457955731861,-12.1218983070947
-1.04300876099181,-12.5344081629448
-1.04143796466502,-12.950417350913
-1.03986716833822,-13.3653508358599
-1.03829637201143,-13.7730424658947
-1.03672557568463,-14.1654616303682
-1.03515477935784,-14.5325538439484
-1.03358398303104,-14.8623274332059
-1.03201318670425,-15.1413480142997
-1.03044239037745,-15.3557747679802
-1.02887159405066,-15.4929414658443
-1.02730079772386,-15.5432459855843
-1.02573000139707,-15.501857909304
-1.02415920507027,-15.3696661523324
-1.02258840874348,-15.1531013301048
-1.02101761241668,-14.8629035378071
-1.01944681608989,-14.5122973862158
-1.01787601976309,-14.1151543675452
-1.0163052234363,-13.6845644616209
-1.0147344271095,-13.2319726550785
-1.01316363078271,-12.7668250464909
-1.01159283445591,-12.2965730922836
-1.01002203812912,-11.8268794393881
-1.00845124180232,-11.3619066279598
-1.00688044547553,-10.9046149913443
-1.00530964914873,-10.4570319374795
-1.00373885282194,-10.0204780794601
-1.00216805649514,-9.59574864265743
-1.00059726016835,-9.18325467654105
-0.999026463841554,-8.78313073266301
-0.997455667514759,-8.39531577686282
-0.995884871187964,-8.01961332845965
-0.99431407486117,-7.65573577160286
-0.992743278534375,-7.30333675491565
-0.991172482207579,-6.96203470211545
-0.989601685880785,-6.63142972855501
-0.98803088955399,-6.31111568753521
-0.986460093227195,-6.00068863228837
-0.9848892969004,-5.69975264858374
-0.983318500573605,-5.40792376515216
-0.981747704246811,-5.1248324647235
-0.980176907920015,-4.85012518171099
-0.978606111593221,-4.5834650713296
-0.977035315266426,-4.32453226004797
-0.975464518939631,-4.07302373189196
-0.973893722612836,-3.82865296413864
-0.972322926286041,-3.59114939561605
-0.970752129959246,-3.36025778835911
-0.969181333632451,-3.13573752674758
-0.967610537305656,-2.91736188592044
-0.966039740978861,-2.70491729213621
-0.964468944652067,-2.49820259101134
-0.962898148325272,-2.29702833457431
-0.961327351998476,-2.10121609441354
-0.959756555671682,-1.91059780550993
-0.958185759344887,-1.72501514338484
-0.956614963018092,-1.54431893578563
-0.955044166691297,-1.36836860911628
-0.953473370364502,-1.19703166911894
-0.951902574037707,-1.03018321482677
-0.950331777710912,-0.867705484485185
-0.948760981384118,-0.709487431947956
-0.947190185057323,-0.555424331940177
-0.945619388730528,-0.405417412535723
-0.944048592403733,-0.259373513198724
-0.942477796076938,-0.117204766771007
-0.940906999750143,0.0211716961601951
-0.939336203423348,0.155834022009305
-0.937765407096554,0.286855889472204
-0.936194610769758,0.414306746677099
-0.934623814442963,0.538252031458953
-0.933053018116169,0.658753375926874
-0.931482221789373,0.775868796415189
-0.929911425462579,0.889652869828282
-0.928340629135784,1.00015689731443
-0.926769832808989,1.10742905613553
-0.925199036482194,1.21151454052895
-0.923628240155399,1.31245569229848
-0.922057443828604,1.41029212181073
-0.920486647501809,1.5050608200178
-0.918915851175015,1.59679626207837
-0.917345054848219,1.68553050310025
-0.915774258521425,1.77129326648221
-0.91420346219463,1.85411202529411
-0.912632665867835,1.93401207709464
-0.91106186954104,2.01101661255007
-0.909491073214245,2.08514677818542
-0.907920276887451,2.1564217335676
-0.906349480560655,2.22485870319154
-0.90477868423386,2.29047302331244
-0.903207887907066,2.35327818394295
-0.90163709158027,2.41328586620957
-0.900066295253476,2.4705059752394
-0.898495498926681,2.52494666872715
-0.896924702599886,2.57661438131229
-0.895353906273091,2.6255138448754
-0.893783109946296,2.67164810484528
-0.892212313619501,2.71501853258787
-0.890641517292706,2.75562483393293
-0.889070720965912,2.79346505387403
-0.887499924639116,2.82853557746173
-0.885929128312322,2.86083112689237
-0.884358331985527,2.89034475477718
-0.882787535658732,2.91706783355898
-0.881216739331937,2.94099004102631
-0.879645943005142,2.96209934185697
-0.878075146678347,2.98038196510341
-0.876504350351552,2.99582237751393
-0.874933554024757,3.0084032525636
-0.873362757697963,3.01810543504673
-0.871791961371168,3.02490790106191
-0.870221165044373,3.02878771319595
-0.868650368717578,3.02971997068893
-0.867079572390783,3.02767775433546
-0.865508776063988,3.02263206584854
-0.863937979737193,3.01455176138243
-0.862367183410398,3.00340347887704
-0.860796387083603,2.98915155885105
-0.859225590756808,2.97175795823197
-0.857654794430013,2.95118215676953
-0.856083998103219,2.9273810555331
-0.854513201776424,2.9003088669431
-0.852942405449629,2.86991699573359
-0.851371609122834,2.83615391018292
-0.849800812796039,2.79896500288386
-0.848230016469244,2.75829244025605
-0.846659220142449,2.7140749999235
-0.845088423815654,2.6662478949968
-0.843517627488859,2.61474258420734
-0.841946831162065,2.55948656673784
-0.840376034835269,2.50040316048549
-0.838805238508475,2.43741126237169
-0.83723444218168,2.37042508918187
-0.835663645854885,2.29935389727804
-0.83409284952809,2.2241016793704
-0.832522053201295,2.14456683637172
-0.8309512568745,2.06064182217816
-0.829380460547705,1.97221275903436
-0.827809664220911,1.87915902094093
-0.826238867894115,1.78135278235749
-0.824668071567321,1.67865852924536
-0.823097275240526,1.57093252928633
-0.821526478913731,1.45802225791724
-0.819955682586936,1.3397657766448
-0.818384886260141,1.21599105997181
-0.816814089933346,1.08651526719257
-0.815243293606551,0.951143955343454
-0.813672497279756,0.80967022976764
-0.812101700952962,0.661873829134578
-0.810530904626166,0.507520142439276
-0.808960108299372,0.346359156622249
-0.807389311972577,0.178124335159403
-0.805818515645782,0.00253143053089389
-0.804247719318987,-0.180722762798034
-0.802676922992192,-0.371961702883109
-0.801106126665397,-0.571530422656796
-0.799535330338602,-0.779796849693945
-0.797964534011808,-0.997153077727397
-0.796393737685012,-1.2240165228984
-0.794822941358218,-1.46083086777709
-0.793252145031423,-1.708066654244
-0.791681348704627,-1.96622132755185
-0.790110552377833,-2.23581845153662
-0.788539756051038,-2.5174056994556
-0.786968959724244,-2.81155106289403
-0.785398163397448,-3.11883649382616
-0.783827367070653,-3.43984787610308
-0.782256570743859,-3.77515977653697
-0.780685774417063,-4.12531280409762
-0.779114978090269,-4.49078054600141
-0.777544181763474,-4.87192187540188
-0.775973385436679,-5.26891285544245
-0.774402589109884,-5.68165043768182
-0.772831792783089,-6.10961769344775
-0.771260996456294,-6.55169767421235
-0.769690200129499,-7.00592092822977
-0.768119403802705,-7.46913198015986
-0.766548607475909,-7.93656631135876
-0.764977811149115,-8.40134797171936
-0.76340701482232,-8.8539584625849
-0.761836218495525,-9.28179993066102
-0.76026542216873,-9.66907988611869
-0.758694625841935,-9.99734754428238
-0.75712382951514,-10.2470204721801
-0.755553033188345,-10.400013448568
-0.75398223686155,-10.4430509609099
-0.752411440534756,-10.3706218910183
-0.75084064420796,-10.1863340219842
-0.749269847881166,-9.90202109085245
-0.747699051554371,-9.53503413376837
-0.746128255227576,-9.10490078290687
-0.744557458900781,-8.6304920256086
-0.742986662573986,-8.12825504252391
-0.741415866247191,-7.61148996592765
-0.739845069920396,-7.09035590978302
-0.738274273593602,-6.57226193704239
-0.736703477266806,-6.06239147323257
-0.735132680940012,-5.56421704935968
-0.733561884613217,-5.07994216451466
-0.731991088286422,-4.61085367214205
-0.730420291959627,-4.15759048957988
-0.728849495632832,-3.72034265929688
-0.727278699306037,-3.29899596083782
-0.725707902979242,-2.89323550959342
-0.724137106652447,-2.50261917026666
-0.722566310325652,-2.12662908145531
-0.720995513998858,-1.76470746140533
-0.719424717672063,-1.41628120071904
-0.717853921345268,-1.08077849561913
-0.716283125018473,-0.757639855066657
-0.714712328691678,-0.446325148134079
-0.713141532364883,-0.146317878822728
-0.711570736038088,0.142872467160217
-0.709999939711293,0.421709403629201
-0.708429143384499,0.690629327345118
-0.706858347057703,0.950042002010456
-0.705287550730908,1.20033142974315
-0.703716754404114,1.44185696011241
-0.702145958077319,1.67495453190751
-0.700575161750524,1.89993797499437
-0.699004365423729,2.11710032258712
-0.697433569096934,2.32671510061907
-0.695862772770139,2.52903757253139
-0.694291976443344,2.72430592602377
-0.692721180116549,2.91274239409914
-0.691150383789755,3.09455430677168
-0.689579587462959,3.26993507257231
-0.688008791136165,3.43906509085864
-0.68643799480937,3.60211259715842
-0.684867198482575,3.75923444453234
-0.68329640215578,3.91057682438178
-0.681725605828985,4.05627593033221
-0.68015480950219,4.1964585688732
-0.678584013175395,4.33124272037769
-0.6770132168486,4.46073805399373
-0.675442420521805,4.58504639973218
-0.673871624195011,4.70426218086992
-0.672300827868216,4.81847280958012
-0.67073003154142,4.92775904848218
-0.669159235214626,5.03219534059301
-0.667588438887831,5.1318501099497
-0.666017642561036,5.22678603497751
-0.664446846234241,5.3170602964881
-0.662876049907446,5.40272480201221
-0.661305253580652,5.48382638800716
-0.659734457253856,5.56040700132059
-0.658163660927062,5.63250386114765
-0.656592864600267,5.7001496025803
-0.655022068273472,5.76337240272148
-0.653451271946677,5.82219609021667
-0.651880475619882,5.87664023894297
-0.650309679293087,5.92672024649048
-0.648738882966292,5.97244739797078
-0.647168086639498,6.01382891559197
-0.645597290312702,6.05086799434879
-0.644026493985908,6.08356382408979
-0.642455697659113,6.11191159813794
-0.640884901332317,6.1359025085592
-0.639314105005523,6.1555237280924
-0.637743308678728,6.17075837867449
-0.636172512351933,6.18158548641464
-0.634601716025138,6.18797992279221
-0.633030919698343,6.1899123317727
-0.631460123371549,6.18734904245525
-0.629889327044753,6.18025196678255
-0.628318530717959,6.16857848176077
-0.626747734391164,6.15228129555136
-0.625176938064369,6.13130829671001
-0.623606141737574,6.10560238575999
-0.622035345410779,6.07510128819799
-0.620464549083984,6.03973734794199
-0.618893752757189,5.99943730014394
-0.617322956430395,5.95412202220538
-0.615752160103599,5.90370626175738
-0.614181363776805,5.84809834029867
-0.61261056745001,5.78719983113376
-0.611039771123215,5.72090521022358
-0.60946897479642,5.64910147856441
-0.607898178469625,5.57166775475863
-0.60632738214283,5.48847483655228
-0.604756585816035,5.39938473030953
-0.60318578948924,5.30425014770796
-0.601614993162445,5.20291396940672
-0.60004419683565,5.09520867611974
-0.598473400508856,4.9809557484894
-0.596902604182061,4.85996503849746
-0.595331807855266,4.73203411699613
-0.593761011528471,4.59694760446585
-0.592190215201676,4.45447649553351
-0.590619418874881,4.30437749241577
-0.589048622548086,4.14639236870303
-0.587477826221292,3.98024739331075
-0.585907029894496,3.80565285573477
-0.584336233567701,3.62230274895845
-0.582765437240907,3.4298746867915
-0.581194640914112,3.22803015991677
-0.579623844587317,3.0164152718913
-0.578053048260522,2.79466214611714
-0.576482251933727,2.5623912618039
-0.574911455606932,2.31921506712867
-0.573340659280137,2.06474333911731
-0.571769862953342,1.79859092264707
-0.570199066626548,1.52038869892665
-0.568628270299753,1.2297989238585
-0.567057473972957,0.926536459278026
-0.565486677646163,0.610397917823352
-0.563915881319368,0.281301376011569
-0.562345084992573,-0.0606599100416965
-0.560774288665778,-0.415145446150305
-0.559203492338983,-0.781471815018371
-0.557632696012189,-1.15848732203515
-0.556061899685393,-1.54441082750112
-0.554491103358598,-1.93663007006486
-0.552920307031804,-2.33145932112685
-0.551349510705009,-2.72386617456785
-0.549778714378214,-3.1071956488493
-0.548207918051419,-3.47294901780083
-0.546637121724624,-3.81071370920926
-0.545066325397829,-4.10837866678291
-0.543495529071034,-4.3527805056917
-0.541924732744239,-4.53086887381486
-0.540353936417445,-4.63132211502668
-0.53878314009065,-4.64631002498513
-0.537212343763855,-4.57290523156501
-0.53564154743706,-4.41365108258366
-0.534070751110265,-4.1760683615804
-0.53249995478347,-3.87129052395751
-0.530929158456675,-3.51230824401175
-0.52935836212988,-3.11232984568629
-0.527787565803085,-2.6835783049813
-0.52621676947629,-2.23660901988881
-0.524645973149495,-1.78006782004925
-0.523075176822701,-1.32074520795629
-0.521504380495906,-0.863790296100817
-0.51993358416911,-0.412985088815823
-0.518362787842316,0.0289808695314804
-0.516791991515521,0.460265400763301
-0.515221195188726,0.879668973984618
-0.513650398861931,1.28647070986325
-0.512079602535136,1.68030061542217
-0.510508806208341,2.06104194382505
-0.508938009881546,2.428757599125
-0.507367213554752,2.7836352367798
-0.505796417227957,3.12594665072227
-0.504225620901162,3.45601795031696
-0.502654824574367,3.77420782077908
-0.501084028247572,4.0808918049613
-0.499513231920777,4.37645105143503
-0.497942435593982,4.66126436398661
-0.496371639267188,4.93570268370539
-0.494800842940392,5.20012535742413
-0.493230046613597,5.45487771266073
-0.491659250286803,5.70028958316613
-0.490088453960007,5.93667452133279
-0.488517657633213,6.16432950219738
-0.486946861306418,6.38353497461837
-0.485376064979623,6.59455515299391
-0.483805268652828,6.79763847097363
-0.482234472326033,6.99301813949879
-0.480663675999238,7.18091276704277
-0.479092879672443,7.36152701148083
-0.477522083345649,7.53505224161093
-0.475951287018853,7.70166719273374
-0.474380490692059,7.86153860543257
-0.472809694365264,8.0148218401961
-0.471238898038469,8.16166146310734
-0.469668101711674,8.30219179971
-0.468097305384879,8.4365374555356
-0.466526509058085,8.56481380276174
-0.464955712731289,8.68712743317106
-0.463384916404494,8.80357657805861
-0.4618141200777,8.91425149606344
-0.460243323750904,9.01923483010166
-0.45867252742411,9.11860193469636
-0.457101731097315,9.212421175056
-0.45553093477052,9.30075419926026
-0.453960138443725,9.38365618489312
-0.45238934211693,9.46117606141514
-0.450818545790135,9.53335670951224
-0.44924774946334,9.60023513859098
-0.447676953136546,9.66184264352061
-0.44610615680975,9.71820494165274
-0.444535360482956,9.76934229108274
-0.442964564156161,9.81526959105477
-0.441393767829366,9.85599646535665
-0.439822971502571,9.89152732950558
-0.438252175175776,9.92186144248992
-0.436681378848982,9.94699294380976
-0.435110582522186,9.96691087655182
-0.433539786195391,9.981599197245
-0.431968989868597,9.99103677327472
-0.430398193541802,9.99519736869153
-0.428827397215007,9.99404961933679
-0.427256600888212,9.98755699833224
-0.425685804561417,9.97567777314765
-0.424115008234622,9.95836495568217
-0.422544211907827,9.93556624708019
-0.420973415581032,9.90722397936876
-0.419402619254237,9.87327505646451
-0.417831822927443,9.83365089768146
-0.416261026600647,9.78827738759792
-0.414690230273853,9.73707483705248
-0.413119433947058,9.67995796117093
-0.411548637620263,9.6168358817375
-0.409977841293468,9.54761216297559
-0.408407044966673,9.47218489198109
-0.406836248639878,9.39044681775411
-0.405265452313083,9.3022855661301
-0.403694655986288,9.20758395207918
-0.402123859659494,9.10622041600964
-0.400553063332699,8.99806961712802
-0.398982267005904,8.88300322486569
-0.397411470679109,8.76089095924146
-0.395840674352314,8.63160194324129
-0.394269878025519,8.49500644538507
-0.392699081698724,8.35097810925893
-0.391128285371929,8.19939678965468
-0.389557489045134,8.04015214292169
-0.38798669271834,7.87314815311488
-0.386415896391544,7.69830881643958
-0.38484510006475,7.51558525516008
-0.383274303737955,7.32496458902952
-0.38170350741116,7.12648095714652
-0.380132711084365,6.92022915434169
-0.37856191475757,6.70638141975424
-0.376991118430775,6.48520798331422
-0.37542032210398,6.25710202433668
-0.373849525777185,6.02260970200403
-0.37227872945039,5.78246584321236
-0.370707933123596,5.53763566357387
-0.369137136796801,5.28936247332557
-0.367566340470006,5.03922057650751
-0.365995544143211,4.78917138284058
-0.364424747816416,4.54161898990077
-0.362853951489621,4.29945907804177
-0.361283155162826,4.06611194831151
-0.359712358836031,3.84552725604142
-0.358141562509236,3.64214522561856
-0.356570766182442,3.46079821816279
-0.354999969855646,3.3065392947366
-0.353429173528852,3.18439269815827
-0.351858377202057,3.09903574160515
-0.350287580875262,3.05444079474996
-0.348716784548467,3.05352493257017
-0.347145988221672,3.09786584762458
-0.345575191894878,3.1875388510904
-0.344004395568082,3.32110905281327
-0.342433599241287,3.49578040203934
-0.340862802914493,3.70767026658446
-0.339292006587697,3.95215601404763
-0.337721210260903,4.22423462857298
-0.336150413934108,4.51884626096096
-0.334579617607313,4.83113107655332
-0.333008821280518,5.1566082065802
-0.331438024953723,5.49128074331421
-0.329867228626928,5.83167960132731
-0.328296432300133,6.17486229785168
-0.326725635973339,6.51838206224148
-0.325154839646543,6.86024002846349
-0.323584043319749,7.19882999398347
-0.322013246992954,7.53288217030902
-0.320442450666159,7.86140987196774
-0.318871654339364,8.18366126791875
-0.317300858012569,8.49907708037582
-0.315730061685775,8.80725433535097
-0.314159265358979,9.10791581930867
-0.312588469032185,9.40088466978884
-0.31101767270539,9.68606344324356
-0.309446876378594,9.96341700305494
-0.3078760800518,10.2329586162501
-0.306305283725005,10.4947387143404
-0.30473448739821,10.7488358471557
-0.303163691071415,10.9953494302081
-0.30159289474462,11.2343939516807
-0.300022098417825,11.4660943628322
-0.29845130209103,11.6905824250705
-0.296880505764236,11.9079938285821
-0.29530970943744,12.118465932033
-0.293738913110646,12.3221360013641
-0.292168116783851,12.5191398490416
-0.290597320457056,12.7096107941147
-0.289026524130261,12.8936788788553
-0.287455727803466,13.07147029023
-0.285884931476671,13.2431069445421
-0.284314135149876,13.408706201728
-0.282743338823081,13.5683806823596
-0.281172542496287,13.7222381657175
-0.279601746169492,13.8703815515708
-0.278030949842697,14.0129088717655
-0.276460153515902,14.1499133405136
-0.274889357189107,14.2814834345386
-0.273318560862312,14.407702996063
-0.271747764535517,14.5286513531151
-0.270176968208722,14.6444034528372
-0.268606171881927,14.7550300044699
-0.267035375555133,14.8605976294941
-0.265464579228337,14.96116901708
-0.263893782901543,15.0568030835457
-0.262322986574748,15.14755513499
-0.260752190247953,15.2334770326604
-0.259181393921158,15.3146173609485
-0.257610597594363,15.3910215982083
-0.256039801267568,15.4627322908523
-0.254469004940773,15.5297892314284
-0.252898208613978,15.5922296416074
-0.251327412287183,15.6500883612384
-0.249756615960389,15.7033980448481
-0.248185819633594,15.7521893671922
-0.246615023306799,15.7964912397021
-0.245044226980004,15.8363310399236
-0.243473430653209,15.871734856315
-0.241902634326414,15.9027277510673
-0.240331837999619,15.9293340439281
-0.238761041672824,15.9515776203663
-0.23719024534603,15.9694822677975
-0.235619449019234,15.9830720440166
-0.234048652692439,15.9923716824451
-0.232477856365645,15.9974070393102
-0.23090706003885,15.9982055884162
-0.229336263712055,15.994796969764
-0.22776546738526,15.9872135988995
-0.226194671058465,15.9754913445374
-0.22462387473167,15.95967028269
-0.223053078404875,15.939795536226
-0.22148228207808,15.9159182094646
-0.219911485751286,15.8880964280462
-0.218340689424491,15.8563964948712
-0.216769893097696,15.8208941733079
-0.215199096770901,15.7816761090584
-0.213628300444106,15.7388414019559
-0.212057504117311,15.6925033384035
-0.210486707790516,15.6427912940277
-0.208915911463721,15.5898528141862
-0.207345115136926,15.5338558770402
-0.205774318810132,15.4749913396711
-0.204203522483336,15.4134755618904
-0.202632726156542,15.3495531945824
-0.201061929829747,15.2835001092472
-0.199491133502952,15.2156264324605
-0.197920337176157,15.1462796328676
-0.196349540849362,15.0758475887601
-0.194778744522567,15.0047615411061
-0.193207948195772,14.9334988102089
-0.191637151868977,14.8625851244502
-0.190066355542183,14.7925963778745
-0.188495559215387,14.7241596014513
-0.186924762888593,14.6579529033679
-0.185353966561798,14.5947041103501
-0.183783170235003,14.5351878295062
-0.182212373908208,14.480220654217
-0.180641577581413,14.4306542643405
-0.179070781254618,14.3873662265247
-0.177499984927823,14.3512483895661
-0.175929188601029,14.3231928947986
-0.174358392274233,14.3040759806368
-0.172787595947439,14.2947399463263
-0.171216799620644,14.2959738390014
-0.169646003293848,14.3084936204397
-0.168075206967054,14.3329227308785
-0.166504410640259,14.3697740708392
-0.164933614313464,14.4194344448868
-0.163362817986669,14.4821524382709
-0.161792021659874,14.5580305253122
-0.16022122533308,14.6470219486919
-0.158650429006284,14.7489325871897
-0.15707963267949,14.8634276822348
-0.155508836352695,14.9900429617279
-0.1539380400259,15.1281994211201
-0.152367243699105,15.2772208255643
-0.15079644737231,15.4363528983975
-0.149225651045515,15.6047831607101
-0.14765485471872,15.781660471727
-0.146084058391926,15.9661134684867
-0.14451326206513,16.1572672900581
-0.142942465738336,16.3542581709652
-0.141371669411541,16.5562456793428
-0.139800873084746,16.7624225422587
-0.138230076757951,16.9720221347735
-0.136659280431156,17.1843238075483
-0.135088484104361,17.3986562915343
-0.133517687777566,17.6143994518407
-0.131946891450771,17.8309846721053
-0.130376095123976,18.0478941418495
-0.128805298797181,18.2646592982269
-0.127234502470387,18.4808586452643
-0.125663706143592,18.696115142111
-0.124092909816797,18.910093319852
-0.122522113490002,19.1224962560965
-0.120951317163207,19.3330625090246
-0.119380520836412,19.5415630884706
-0.117809724509617,19.7477985211476
-0.116238928182823,19.9515960501554
-0.114668131856027,20.1528069951975
-0.113097335529232,20.3513042890907
-0.111526539202438,20.5469801977827
-0.109955742875643,20.7397442247951
-0.108384946548848,20.9295211964024
-0.106814150222053,21.1162495206362
-0.105243353895258,21.2998796110354
-0.103672557568463,21.4803724647521
-0.102101761241668,21.657698383933
-0.100530964914873,21.8318358290805
-0.0989601685880785,22.0027703932301
-0.0973893722612837,22.1704938861386
-0.0958185759344885,22.3350035182103
-0.0942477796076937,22.4963011745071
-0.0926769832808989,22.6543927698706
-0.0911061869541037,22.8092876768785
-0.0895353906273093,22.9609982190572
-0.0879645943005141,23.1095392224428
-0.0863937979737197,23.2549276192275
-0.0848230016469245,23.3971820978334
-0.0832522053201292,23.5363227943182
-0.0816814089933349,23.6723710205344
-0.0801106126665396,23.8053490249429
-0.0785398163397448,23.9352797824092
-0.07696902001295,24.0621868097093
-0.0753982236861548,24.1860940038214
-0.07382742735936,24.3070255003996
-0.0722566310325652,24.4250055501169
-0.0706858347057704,24.5400584108136
-0.0691150383789756,24.6522082536218
-0.0675442420521808,24.7614790814408
-0.0659734457253855,24.8678946583175
-0.0644026493985907,24.9714784484531
-0.062831853071796,25.0722535636963
-0.0612610567450007,25.1702427185171
-0.0596902604182064,25.2654681915644
-0.0581194640914111,25.357951793017
-0.0565486677646159,25.447714837021
-0.0549778714378215,25.5347781185944
-0.0534070751110263,25.6191618944422
-0.0518362787842319,25.7008858671948
-0.0502654824574367,25.7799691726337
-0.0486946861306419,25.8564303695204
-0.0471238898038471,25.9302874316866
-0.0455530934770518,26.0015577420839
-0.043982297150257,26.0702580885246
-0.0424115008234622,26.1364046608765
-0.0408407044966674,26.2000130494999
-0.0392699081698722,26.2610982447433
-0.0376991118430774,26.3196746373291
-0.0361283155162826,26.375756019486
-0.0345575191894878,26.4293555866969
-0.032986722862693,26.4804859399488
-0.0314159265358978,26.5291590883819
-0.0298451302091034,26.5753864522503
-0.0282743338823082,26.6191788661129
-0.0267035375555129,26.6605465821855
-0.0251327412287186,26.6994992737926
-0.0235619449019233,26.7360460388633
-0.0219911485751285,26.7701954034234
-0.0204203522483337,26.8019553250423
-0.0188495559215385,26.8313331961962
-0.0172787595947441,26.8583358475152
-0.0157079632679489,26.8829695508861
-0.0141371669411541,26.9052400223854
-0.0125663706143593,26.9251524250207
-0.0109955742875645,26.9427113712616
-0.00942477796076924,26.9579209253438
-0.00785398163397444,26.9707846053323
-0.00628318530717964,26.9813053849323
-0.0047123889803844,26.9894856950366
-0.00314159265359004,26.9953274250035
-0.0015707963267948,26.998831923656
0,27
0.0015707963267948,26.998831923656
0.00314159265359004,26.9953274250035
0.0047123889803844,26.9894856950366
0.00628318530717964,26.9813053849323
0.00785398163397444,26.9707846053323
0.00942477796076924,26.9579209253438
0.0109955742875645,26.9427113712616
0.0125663706143593,26.9251524250207
0.0141371669411541,26.9052400223854
0.0157079632679489,26.8829695508861
0.0172787595947437,26.8583358475152
0.0188495559215389,26.8313331961962
0.0204203522483337,26.8019553250423
0.0219911485751285,26.7701954034234
0.0235619449019233,26.7360460388633
0.0251327412287186,26.6994992737926
0.0267035375555129,26.6605465821855
0.0282743338823082,26.6191788661129
0.0298451302091034,26.5753864522503
0.0314159265358978,26.5291590883819
0.032986722862693,26.4804859399488
0.0345575191894874,26.429355586697
0.0361283155162826,26.375756019486
0.0376991118430778,26.3196746373291
0.0392699081698722,26.2610982447433
0.0408407044966674,26.2000130494999
0.0424115008234622,26.1364046608765
0.043982297150257,26.0702580885246
0.0455530934770518,26.0015577420839
0.0471238898038471,25.9302874316866
0.0486946861306419,25.8564303695204
0.0502654824574367,25.7799691726337
0.0518362787842315,25.7008858671948
0.0534070751110263,25.6191618944422
0.0549778714378215,25.5347781185944
0.0565486677646163,25.447714837021
0.0581194640914111,25.357951793017
0.0596902604182064,25.2654681915645
0.0612610567450007,25.1702427185171
0.062831853071796,25.0722535636963
0.0644026493985907,24.9714784484531
0.0659734457253855,24.8678946583175
0.0675442420521808,24.7614790814408
0.0691150383789751,24.6522082536219
0.0706858347057704,24.5400584108136
0.0722566310325652,24.4250055501169
0.07382742735936,24.3070255003996
0.0753982236861552,24.1860940038214
0.07696902001295,24.0621868097094
0.0785398163397448,23.9352797824091
0.0801106126665396,23.8053490249429
0.0816814089933349,23.6723710205345
0.0832522053201292,23.5363227943182
0.0848230016469245,23.3971820978334
0.0863937979737193,23.2549276192275
0.0879645943005141,23.1095392224428
0.0895353906273093,22.9609982190572
0.0911061869541037,22.8092876768785
0.0926769832808989,22.6543927698707
0.0942477796076941,22.4963011745072
0.0958185759344885,22.3350035182103
0.0973893722612837,22.1704938861386
0.0989601685880785,22.0027703932301
0.100530964914873,21.8318358290805
0.102101761241668,21.657698383933
0.103672557568463,21.4803724647522
0.105243353895258,21.2998796110354
0.106814150222053,21.1162495206362
0.108384946548848,20.9295211964025
0.109955742875643,20.7397442247951
0.111526539202438,20.5469801977828
0.113097335529233,20.3513042890906
0.114668131856027,20.1528069951975
0.116238928182823,19.9515960501555
0.117809724509617,19.7477985211476
0.119380520836412,19.5415630884707
0.120951317163207,19.3330625090247
0.122522113490002,19.1224962560965
0.124092909816797,18.9100933198519
0.125663706143591,18.696115142111
0.127234502470387,18.4808586452643
0.128805298797181,18.2646592982269
0.130376095123976,18.0478941418495
0.131946891450772,17.8309846721053
0.133517687777566,17.6143994518407
0.135088484104361,17.3986562915344
0.136659280431156,17.1843238075484
0.138230076757951,16.9720221347736
0.139800873084746,16.7624225422587
0.141371669411541,16.5562456793429
0.142942465738336,16.3542581709652
0.14451326206513,16.1572672900581
0.146084058391926,15.9661134684868
0.14765485471872,15.781660471727
0.149225651045515,15.6047831607101
0.15079644737231,15.4363528983975
0.152367243699105,15.2772208255643
0.1539380400259,15.1281994211201
0.155508836352694,14.990042961728
0.15707963267949,14.8634276822348
0.158650429006284,14.7489325871897
0.160221225333079,14.6470219486919
0.161792021659874,14.5580305253122
0.163362817986669,14.4821524382709
0.164933614313464,14.4194344448868
0.166504410640259,14.3697740708392
0.168075206967054,14.3329227308785
0.169646003293849,14.3084936204397
0.171216799620644,14.2959738390014
0.172787595947439,14.2947399463263
0.174358392274233,14.3040759806368
0.175929188601029,14.3231928947986
0.177499984927823,14.3512483895661
0.179070781254618,14.3873662265247
0.180641577581413,14.4306542643405
0.182212373908208,14.480220654217
0.183783170235003,14.5351878295062
0.185353966561798,14.5947041103501
0.186924762888593,14.6579529033679
0.188495559215388,14.7241596014512
0.190066355542182,14.7925963778745
0.191637151868977,14.8625851244502
0.193207948195772,14.9334988102089
0.194778744522567,15.0047615411061
0.196349540849362,15.07584758876
0.197920337176157,15.1462796328676
0.199491133502952,15.2156264324605
0.201061929829747,15.2835001092472
0.202632726156542,15.3495531945824
0.204203522483336,15.4134755618904
0.205774318810132,15.4749913396711
0.207345115136926,15.5338558770402
0.208915911463721,15.5898528141862
0.210486707790516,15.6427912940277
0.212057504117311,15.6925033384035
0.213628300444106,15.7388414019559
0.215199096770901,15.7816761090584
0.216769893097696,15.8208941733079
0.218340689424491,15.8563964948712
0.219911485751286,15.8880964280462
0.22148228207808,15.9159182094646
0.223053078404875,15.939795536226
0.22462387473167,15.95967028269
0.226194671058465,15.9754913445374
0.22776546738526,15.9872135988995
0.229336263712055,15.994796969764
0.23090706003885,15.9982055884162
0.232477856365645,15.9974070393102
0.234048652692439,15.9923716824451
0.235619449019234,15.9830720440166
0.23719024534603,15.9694822677975
0.238761041672824,15.9515776203663
0.240331837999619,15.9293340439281
0.241902634326414,15.9027277510673
0.243473430653209,15.871734856315
0.245044226980004,15.8363310399236
0.246615023306799,15.7964912397021
0.248185819633594,15.7521893671922
0.249756615960389,15.7033980448481
0.251327412287183,15.6500883612384
0.252898208613978,15.5922296416074
0.254469004940773,15.5297892314284
0.256039801267568,15.4627322908523
0.257610597594363,15.3910215982083
0.259181393921158,15.3146173609485
0.260752190247953,15.2334770326604
0.262322986574748,15.14755513499
0.263893782901543,15.0568030835456
0.265464579228337,14.9611690170801
0.267035375555133,14.8605976294941
0.268606171881927,14.7550300044699
0.270176968208722,14.6444034528373
0.271747764535517,14.5286513531151
0.273318560862312,14.407702996063
0.274889357189107,14.2814834345386
0.276460153515902,14.1499133405136
0.278030949842697,14.0129088717655
0.279601746169492,13.8703815515708
0.281172542496286,13.7222381657175
0.282743338823082,13.5683806823596
0.284314135149876,13.408706201728
0.285884931476671,13.2431069445422
0.287455727803466,13.07147029023
0.289026524130261,12.8936788788553
0.290597320457056,12.7096107941147
0.292168116783851,12.5191398490417
0.293738913110646,12.3221360013642
0.29530970943744,12.118465932033
0.296880505764236,11.9079938285821
0.29845130209103,11.6905824250705
0.300022098417825,11.4660943628323
0.30159289474462,11.2343939516807
0.303163691071415,10.9953494302082
0.30473448739821,10.7488358471557
0.306305283725005,10.4947387143404
0.3078760800518,10.2329586162503
0.309446876378594,9.96341700305502
0.31101767270539,9.68606344324363
0.312588469032185,9.40088466978872
0.314159265358979,9.10791581930873
0.315730061685774,8.807254335351
0.317300858012569,8.49907708037582
0.318871654339364,8.18366126791891
0.320442450666159,7.86140987196791
0.322013246992954,7.53288217030895
0.323584043319749,7.1988299939836
0.325154839646543,6.86024002846363
0.326725635973339,6.51838206224151
0.328296432300133,6.17486229785172
0.329867228626928,5.83167960132735
0.331438024953723,5.49128074331421
0.333008821280518,5.1566082065802
0.334579617607313,4.83113107655348
0.336150413934108,4.5188462609611
0.337721210260903,4.22423462857309
0.339292006587698,3.95215601404757
0.340862802914493,3.70767026658451
0.342433599241287,3.49578040203937
0.344004395568082,3.32110905281328
0.345575191894878,3.18753885109047
0.347145988221672,3.09786584762457
0.348716784548467,3.05352493257017
0.350287580875262,3.05444079474996
0.351858377202057,3.09903574160512
0.353429173528852,3.18439269815824
0.354999969855646,3.30653929473656
0.356570766182442,3.46079821816273
0.358141562509237,3.64214522561849
0.359712358836031,3.84552725604138
0.361283155162826,4.06611194831138
0.362853951489621,4.29945907804166
0.364424747816416,4.54161898990081
0.365995544143211,4.78917138284066
0.367566340470006,5.03922057650745
0.369137136796801,5.28936247332553
0.370707933123596,5.53763566357385
0.37227872945039,5.78246584321221
0.373849525777185,6.022609702004
0.37542032210398,6.25710202433668
0.376991118430775,6.4852079833142
0.37856191475757,6.70638141975414
0.380132711084365,6.92022915434159
0.38170350741116,7.12648095714658
0.383274303737955,7.32496458902947
0.384845100064749,7.51558525516002
0.386415896391544,7.69830881643956
0.38798669271834,7.87314815311485
0.389557489045134,8.04015214292162
0.391128285371929,8.19939678965466
0.392699081698724,8.35097810925895
0.394269878025519,8.49500644538501
0.395840674352314,8.63160194324124
0.397411470679109,8.76089095924144
0.398982267005904,8.88300322486565
0.400553063332699,8.99806961712802
0.402123859659493,9.10622041600964
0.403694655986288,9.20758395207919
0.405265452313083,9.30228556613006
0.406836248639878,9.39044681775406
0.408407044966673,9.47218489198111
0.409977841293468,9.54761216297556
0.411548637620263,9.61683588173749
0.413119433947058,9.67995796117093
0.414690230273853,9.73707483705248
0.416261026600647,9.78827738759791
0.417831822927443,9.83365089768146
0.419402619254237,9.87327505646453
0.420973415581032,9.90722397936874
0.422544211907827,9.93556624708019
0.424115008234622,9.95836495568215
0.425685804561417,9.97567777314766
0.427256600888212,9.98755699833224
0.428827397215007,9.99404961933679
0.430398193541802,9.99519736869154
0.431968989868597,9.99103677327472
0.433539786195392,9.981599197245
0.435110582522186,9.96691087655182
0.436681378848981,9.94699294380976
0.438252175175776,9.92186144248992
0.439822971502571,9.89152732950559
0.441393767829366,9.85599646535665
0.442964564156161,9.81526959105477
0.444535360482956,9.76934229108274
0.44610615680975,9.71820494165274
0.447676953136546,9.66184264352065
0.44924774946334,9.60023513859101
0.450818545790135,9.53335670951223
0.45238934211693,9.46117606141512
0.453960138443725,9.38365618489314
0.45553093477052,9.30075419926028
0.457101731097315,9.212421175056
0.45867252742411,9.11860193469643
0.460243323750904,9.01923483010167
0.4618141200777,8.91425149606344
0.463384916404495,8.8035765780586
0.464955712731289,8.68712743317111
0.466526509058085,8.56481380276179
0.468097305384879,8.43653745553556
0.469668101711674,8.30219179971004
0.471238898038469,8.16166146310735
0.472809694365264,8.01482184019612
0.474380490692059,7.86153860543266
0.475951287018853,7.70166719273383
0.477522083345649,7.53505224161094
0.479092879672443,7.36152701148082
0.480663675999238,7.18091276704282
0.482234472326033,6.99301813949883
0.483805268652828,6.7976384709737
0.485376064979623,6.59455515299393
0.486946861306418,6.38353497461841
0.488517657633213,6.1643295021974
0.490088453960008,5.93667452133279
0.491659250286803,5.70028958316621
0.493230046613597,5.45487771266086
0.494800842940392,5.20012535742404
0.496371639267188,4.93570268370546
0.497942435593982,4.66126436398665
0.499513231920777,4.37645105143505
0.501084028247572,4.08089180496135
0.502654824574367,3.77420782077908
0.504225620901162,3.45601795031696
0.505796417227956,3.12594665072224
0.507367213554752,2.78363523677997
0.508938009881547,2.42875759912516
0.510508806208341,2.0610419438252
0.512079602535136,1.68030061542228
0.513650398861931,1.28647070986329
0.515221195188726,0.87966897398471
0.516791991515521,0.460265400763301
0.518362787842316,0.0289808695317362
0.519933584169111,-0.412985088815887
0.521504380495906,-0.863790296101001
0.5230751768227,-1.32074520795611
0.524645973149495,-1.78006782004904
0.52621676947629,-2.23660901988868
0.527787565803085,-2.68357830498118
0.52935836212988,-3.11232984568613
0.530929158456675,-3.51230824401175
0.53249995478347,-3.87129052395751
0.534070751110265,-4.17606836158029
0.53564154743706,-4.41365108258357
0.537212343763855,-4.57290523156503
0.53878314009065,-4.64631002498514
0.540353936417444,-4.63132211502669
0.541924732744239,-4.53086887381487
0.543495529071034,-4.35278050569172
0.545066325397829,-4.10837866678308
0.546637121724624,-3.81071370920926
0.548207918051419,-3.47294901780083
0.549778714378214,-3.10719564884944
0.551349510705009,-2.72386617456807
0.552920307031804,-2.33145932112696
0.554491103358598,-1.93663007006467
0.556061899685393,-1.54441082750117
0.557632696012188,-1.15848732203521
0.559203492338983,-0.781471815018403
0.560774288665778,-0.415145446150511
0.562345084992573,-0.0606599100418386
0.563915881319368,0.281301376011662
0.565486677646163,0.610397917823498
0.567057473972957,0.926536459277937
0.568628270299753,1.22979892385842
0.570199066626548,1.5203886989266
0.571769862953342,1.79859092264698
0.573340659280137,2.06474333911731
0.574911455606932,2.31921506712862
0.576482251933727,2.56239126180385
0.578053048260522,2.79466214611707
0.579623844587317,3.01641527189124
0.581194640914112,3.22803015991683
0.582765437240907,3.42987468679144
0.584336233567702,3.62230274895841
0.585907029894496,3.80565285573475
0.587477826221292,3.98024739331064
0.589048622548086,4.14639236870303
0.590619418874881,4.30437749241577
0.592190215201676,4.45447649553352
0.593761011528471,4.59694760446582
0.595331807855266,4.73203411699606
0.59690260418206,4.85996503849745
0.598473400508856,4.98095574848938
0.60004419683565,5.09520867611969
0.601614993162445,5.20291396940672
0.603185789489241,5.30425014770796
0.604756585816035,5.39938473030949
0.60632738214283,5.48847483655227
0.607898178469625,5.57166775475864
0.60946897479642,5.6491014785644
0.611039771123215,5.72090521022358
0.61261056745001,5.78719983113376
0.614181363776805,5.84809834029868
0.615752160103599,5.90370626175738
0.617322956430395,5.95412202220538
0.618893752757189,5.99943730014394
0.620464549083984,6.03973734794198
0.622035345410779,6.07510128819797
0.623606141737574,6.10560238576
0.625176938064369,6.13130829671001
0.626747734391163,6.15228129555135
0.628318530717959,6.16857848176077
0.629889327044753,6.18025196678255
0.631460123371548,6.18734904245525
0.633030919698343,6.1899123317727
0.634601716025138,6.1879799227922
0.636172512351933,6.18158548641464
0.637743308678728,6.1707583786745
0.639314105005523,6.15552372809241
0.640884901332318,6.13590250855919
0.642455697659113,6.11191159813795
0.644026493985907,6.08356382408979
0.645597290312702,6.05086799434879
0.647168086639498,6.01382891559199
0.648738882966292,5.9724473979708
0.650309679293087,5.92672024649048
0.651880475619882,5.87664023894297
0.653451271946677,5.82219609021668
0.655022068273472,5.7633724027215
0.656592864600267,5.70014960258031
0.658163660927062,5.63250386114765
0.659734457253857,5.56040700132059
0.661305253580651,5.48382638800716
0.662876049907446,5.40272480201226
0.664446846234241,5.31706029648814
0.666017642561036,5.22678603497753
0.667588438887831,5.13185010994968
0.669159235214626,5.03219534059304
0.670730031541421,4.9277590484822
0.672300827868216,4.81847280958012
0.673871624195011,4.70426218086999
0.675442420521805,4.58504639973221
0.6770132168486,4.46073805399371
0.678584013175395,4.33124272037768
0.68015480950219,4.19645856887328
0.681725605828985,4.05627593033224
0.68329640215578,3.91057682438178
0.684867198482575,3.75923444453235
0.68643799480937,3.60211259715845
0.688008791136165,3.43906509085864
0.68957958746296,3.26993507257231
0.691150383789755,3.0945543067718
0.692721180116549,2.91274239409915
0.694291976443344,2.7243059260237
0.695862772770139,2.52903757253146
0.697433569096934,2.32671510061909
0.699004365423729,2.11710032258724
0.700575161750524,1.89993797499454
0.702145958077319,1.67495453190757
0.703716754404114,1.44185696011248
0.705287550730908,1.20033142974314
0.706858347057703,0.950042002010591
0.708429143384499,0.690629327345206
0.709999939711293,0.421709403629141
0.711570736038088,0.14287246716022
0.713141532364883,-0.146317878822721
0.714712328691678,-0.44632514813404
0.716283125018473,-0.757639855066554
0.717853921345267,-1.08077849561894
0.719424717672063,-1.41628120071904
0.720995513998858,-1.76470746140545
0.722566310325652,-2.12662908145518
0.724137106652447,-2.50261917026645
0.725707902979242,-2.89323550959339
0.727278699306037,-3.29899596083796
0.728849495632832,-3.72034265929696
0.730420291959627,-4.15759048957985
0.731991088286422,-4.61085367214205
0.733561884613217,-5.07994216451446
0.735132680940012,-5.56421704935936
0.736703477266806,-6.06239147323255
0.738274273593602,-6.5722619370421
0.739845069920396,-7.09035590978285
0.741415866247191,-7.61148996592747
0.742986662573986,-8.12825504252361
0.744557458900781,-8.6304920256085
0.746128255227576,-9.10490078290687
0.747699051554371,-9.53503413376849
0.749269847881166,-9.90202109085228
0.75084064420796,-10.1863340219841
0.752411440534755,-10.3706218910183
0.753982236861551,-10.4430509609099
0.755553033188345,-10.400013448568
0.75712382951514,-10.2470204721801
0.758694625841935,-9.99734754428237
0.76026542216873,-9.66907988611885
0.761836218495525,-9.28179993066093
0.76340701482232,-8.85395846258491
0.764977811149115,-8.40134797171919
0.766548607475909,-7.93656631135902
0.768119403802705,-7.46913198016001
0.769690200129499,-7.00592092822994
0.771260996456294,-6.55169767421247
0.772831792783089,-6.10961769344772
0.774402589109884,-5.68165043768182
0.775973385436679,-5.26891285544275
0.777544181763474,-4.871921875402
0.779114978090269,-4.49078054600136
0.780685774417063,-4.1253128040975
0.782256570743859,-3.77515977653704
0.783827367070653,-3.4398478761032
0.785398163397448,-3.11883649382622
0.786968959724243,-2.81155106289425
0.788539756051038,-2.5174056994556
0.790110552377833,-2.23581845153656
0.791681348704628,-1.96622132755181
0.793252145031423,-1.70806665424409
0.794822941358218,-1.46083086777712
0.796393737685012,-1.22401652289834
0.797964534011808,-0.997153077727454
0.799535330338602,-0.779796849693973
0.801106126665397,-0.571530422656846
0.802676922992192,-0.371961702883119
0.804247719318987,-0.180722762798126
0.805818515645782,0.0025314305309152
0.807389311972577,0.178124335159506
0.808960108299372,0.346359156622189
0.810530904626167,0.507520142439226
0.812101700952962,0.661873829134539
0.813672497279756,0.809670229767672
0.815243293606551,0.951143955343429
0.816814089933346,1.08651526719256
0.818384886260141,1.21599105997182
0.819955682586936,1.3397657766448
0.821526478913731,1.45802225791719
0.823097275240526,1.57093252928634
0.824668071567321,1.67865852924535
0.826238867894115,1.78135278235747
0.827809664220911,1.87915902094091
0.829380460547706,1.97221275903436
0.8309512568745,2.06064182217816
0.832522053201295,2.14456683637172
0.83409284952809,2.2241016793704
0.835663645854885,2.29935389727801
0.83723444218168,2.37042508918186
0.838805238508475,2.43741126237167
0.84037603483527,2.50040316048552
0.841946831162065,2.55948656673782
0.843517627488859,2.61474258420732
0.845088423815654,2.66624789499679
0.846659220142449,2.71407499992348
0.848230016469244,2.75829244025605
0.849800812796039,2.79896500288384
0.851371609122834,2.83615391018292
0.852942405449629,2.86991699573363
0.854513201776424,2.90030886694309
0.856083998103218,2.92738105553312
0.857654794430013,2.95118215676955
0.859225590756808,2.97175795823195
0.860796387083603,2.98915155885105
0.862367183410398,3.00340347887705
0.863937979737194,3.01455176138242
0.865508776063987,3.02263206584853
0.867079572390783,3.02767775433546
0.868650368717578,3.02971997068895
0.870221165044373,3.02878771319595
0.871791961371168,3.02490790106191
0.873362757697962,3.01810543504673
0.874933554024757,3.0084032525636
0.876504350351553,2.99582237751393
0.878075146678347,2.9803819651034
0.879645943005142,2.96209934185698
0.881216739331937,2.94099004102632
0.882787535658732,2.91706783355897
0.884358331985527,2.89034475477718
0.885929128312322,2.86083112689236
0.887499924639116,2.82853557746173
0.889070720965911,2.79346505387404
0.890641517292706,2.75562483393296
0.892212313619501,2.71501853258787
0.893783109946297,2.67164810484526
0.895353906273091,2.62551384487541
0.896924702599886,2.57661438131232
0.898495498926681,2.5249466687272
0.900066295253476,2.47050597523941
0.90163709158027,2.41328586620955
0.903207887907065,2.35327818394295
0.90477868423386,2.29047302331244
0.906349480560656,2.22485870319158
0.90792027688745,2.1564217335676
0.909491073214245,2.08514677818543
0.91106186954104,2.0110166125501
0.912632665867835,1.9340120770947
0.91420346219463,1.85411202529415
0.915774258521425,1.77129326648221
0.917345054848219,1.68553050310023
0.918915851175014,1.59679626207837
0.92048664750181,1.50506082001784
0.922057443828604,1.41029212181079
0.923628240155399,1.31245569229851
0.925199036482194,1.21151454052894
0.926769832808989,1.10742905613551
0.928340629135784,1.00015689731445
0.929911425462579,0.889652869828282
0.931482221789373,0.775868796415189
0.933053018116169,0.658753375926921
0.934623814442963,0.538252031458953
0.936194610769759,0.414306746677145
0.937765407096554,0.286855889472179
0.939336203423348,0.155834022009401
0.940906999750143,0.0211716961602697
0.942477796076938,-0.117204766770925
0.944048592403733,-0.259373513198678
0.945619388730528,-0.405417412535641
0.947190185057322,-0.555424331940124
0.948760981384117,-0.709487431947863
0.950331777710913,-0.867705484485114
0.951902574037708,-1.03018321482681
0.953473370364502,-1.19703166911897
0.955044166691297,-1.36836860911609
0.956614963018092,-1.5443189357856
0.958185759344887,-1.72501514338481
0.959756555671682,-1.91059780550991
0.961327351998477,-2.10121609441365
0.962898148325271,-2.29702833457431
0.964468944652066,-2.49820259101125
0.966039740978862,-2.70491729213604
0.967610537305656,-2.91736188592053
0.969181333632451,-3.13573752674775
0.970752129959246,-3.3602577883592
0.972322926286041,-3.59114939561605
0.973893722612836,-3.82865296413864
0.97546451893963,-4.07302373189172
0.977035315266426,-4.32453226004787
0.978606111593221,-4.58346507132963
0.980176907920015,-4.85012518171118
0.981747704246811,-5.12483246472328
0.983318500573605,-5.40792376515208
0.9848892969004,-5.69975264858374
0.986460093227195,-6.0006886322882
0.98803088955399,-6.31111568753484
0.989601685880785,-6.63142972855488
0.991172482207579,-6.96203470211545
0.992743278534375,-7.30333675491547
0.99431407486117,-7.65573577160269
0.995884871187965,-8.01961332845975
0.997455667514759,-8.39531577686297
0.999026463841554,-8.78313073266267
1.00059726016835,-9.18325467654054
1.00216805649514,-9.59574864265718
1.00373885282194,-10.0204780794601
1.00530964914873,-10.4570319374795
1.00688044547553,-10.9046149913443
1.00845124180232,-11.36190662796
1.01002203812912,-11.8268794393879
1.01159283445591,-12.2965730922832
1.01316363078271,-12.7668250464906
1.0147344271095,-13.2319726550787
1.0163052234363,-13.6845644616209
1.01787601976309,-14.1151543675452
1.01944681608989,-14.5122973862157
1.02101761241668,-14.862903537807
1.02258840874348,-15.153101330105
1.02415920507027,-15.3696661523323
1.02573000139707,-15.501857909304
1.02730079772386,-15.5432459855843
1.02887159405066,-15.4929414658442
1.03044239037745,-15.3557747679802
1.03201318670425,-15.1413480142997
1.03358398303104,-14.8623274332059
1.03515477935784,-14.5325538439484
1.03672557568463,-14.1654616303686
1.03829637201143,-13.7730424658951
1.03986716833822,-13.3653508358598
1.04143796466502,-12.9504173509136
1.04300876099181,-12.5344081629448
1.04457955731861,-12.1218983070947
1.0461503536454,-11.7161722007669
1.0477211499722,-11.3195039607905
1.04929194629899,-10.9333971974754
1.05086274262579,-10.5587796675552
1.05243353895258,-10.1961559992461
1.05400433527938,-9.84572478989265
1.05557513160617,-9.50746694486755
1.05714592793297,-9.1812115341646
1.05871672425976,-8.86668443613459
1.06028752058655,-8.56354398495514
1.06185831691335,-8.27140689794714
1.06342911324015,-7.9898669807184
1.06499990956694,-7.71850849170128
1.06657070589373,-7.45691557216426
1.06814150222053,-7.20467878707085
1.06971229854732,-6.96139955151723
1.07128309487412,-6.72669301571254
1.07285389120091,-6.50018983171238
1.07442468752771,-6.28153711420553
1.0759954838545,-6.07039882559732
1.0775662801813,-5.86645575494879
1.07913707650809,-5.6694052154476
1.08070787283489,-5.47896055185878
1.08227866916168,-5.29485052481181
1.08384946548848,-5.11681862056433
1.08542026181527,-4.94462232137941
1.08699105814207,-4.77803236166665
1.08856185446886,-4.61683198763561
1.09013265079566,-4.4608162327529
1.09170344712245,-4.30979121726607
1.09327424344925,-4.16357347710043
1.09484503977604,-4.02198932528702
1.09641583610284,-3.88487424750711
1.09798663242963,-3.75207233222881
1.09955742875643,-3.62343573511944
1.10112822508322,-3.49882417686593
1.10269902141002,-3.37810447318216
1.10426981773681,-3.26115009553887
1.10584061406361,-3.14784076103033
1.1074114103904,-3.03806204971946
1.1089822067172,-2.93170504779419
1.11055300304399,-2.82866601489226
1.11212379937079,-2.72884607400009
1.11369459569758,-2.63215092239043
1.11526539202438,-2.53849056214608
1.11683618835117,-2.4477790488877
1.11840698467797,-2.3599342574154
1.11997778100476,-2.27487766304762
1.12154857733156,-2.19253413752801
1.12311937365835,-2.11283175844536
1.12469016998515,-2.03570163119111
1.12626096631194,-1.96107772254026
1.12783176263874,-1.88889670502241
1.12940255896553,-1.81909781129899
1.13097335529233,-1.75162269782898
1.13254415161912,-1.68641531715746
1.13411494794592,-1.62342179821232
1.13568574427271,-1.56259033404164
1.1372565405995,-1.50387107646403
1.1388273369263,-1.44721603715175
1.1403981332531,-1.39257899469441
1.14196892957989,-1.33991540723165
1.14353972590668,-1.28918233027236
1.14511052223348,-1.24033833934455
1.14668131856027,-1.19334345715115
1.14825211488707,-1.14815908492754
1.14982291121386,-1.10474793772137
1.15139370754066,-1.06307398333429
1.15296450386745,-1.02310238468646
1.15453530019425,-0.984799445380155
1.15610609652104,-0.948132558255097
1.15767689284784,-0.913070156746368
1.15924768917463,-0.879581668864333
1.16081848550143,-0.847637473631998
1.16238928182822,-0.817208859827378
1.16396007815502,-0.788267986886783
1.16553087448181,-0.760787847835783
1.16710167080861,-0.734742234126767
1.1686724671354,-0.71010570226403
1.1702432634622,-0.686853542112935
1.17181405978899,-0.664961746790272
1.17338485611579,-0.644406984044181
1.17495565244258,-0.625166569035269
1.17652644876938,-0.607218438439403
1.17809724509617,-0.590541125793557
1.17966804142297,-0.575113738016192
1.18123883774976,-0.56091593303433
1.18280963407656,-0.547927898455498
1.18438043040335,-0.536130331225834
1.18595122673015,-0.525504418221018
1.18752202305694,-0.516031817717391
1.18909281938374,-0.507694641696411
1.19066361571053,-0.500475438936945
1.19223441203733,-0.494357178853353
1.19380520836412,-0.489323236039446
1.19537600469092,-0.485357375481343
1.19694680101771,-0.482443738404232
1.19851759734451,-0.480566828719503
1.2000883936713,-0.47971150004193
1.2016591899981,-0.479862943247227
1.20322998632489,-0.4810066745429
1.20480078265169,-0.483128524025808
1.20637157897848,-0.486214624702615
1.20794237530528,-0.490251401950097
1.20951317163207,-0.495225563392687
1.21108396795887,-0.501124089177988
1.21265476428566,-0.507934222629849
1.21422556061246,-0.515643461261035
1.21579635693925,-0.524239548128349
1.21736715326604,-0.533710463513525
1.21893794959284,-0.54404441691446
1.22050874591964,-0.555229839332274
1.22207954224643,-0.567255375840034
1.22365033857322,-0.580109878420309
1.22522113490002,-0.593782399058739
1.22679193122681,-0.608262183082111
1.22836272755361,-0.623538662729473
1.2299335238804,-0.639601450945822
1.2315043202072,-0.656440335388176
1.23307511653399,-0.674045272634544
1.23464591286079,-0.69240638258654
1.23621670918758,-0.711513943057156
1.23778750551438,-0.731358384535334
1.23935830184117,-0.751930285119613
1.24092909816797,-0.77322036561349
1.24249989449476,-0.795219484775121
1.24407069082156,-0.817918634714975
1.24564148714835,-0.841308936434942
1.24721228347515,-0.865381635502597
1.24878307980194,-0.8901280978552
1.25035387612874,-0.915539805727263
1.25192467245553,-0.941608353697283
1.25349546878233,-0.968325444847856
1.25506626510912,-0.995682887034654
1.25663706143592,-1.02367258925966
1.25820785776271,-1.0522865581446
1.25977865408951,-1.08151689449973
1.2613494504163,-1.11135578998485
1.2629202467431,-1.14179552385781
1.26449104306989,-1.17282845980774
1.26606183939669,-1.20444704286918
1.26763263572348,-1.23664379641375
1.26920343205028,-1.26941131921593
1.27077422837707,-1.30274228259115
1.27234502470387,-1.33662942760143
1.27391582103066,-1.37106556232749
1.27548661735746,-1.40604355920386
1.27705741368425,-1.44155635241479
1.27862821001105,-1.47759693534811
1.28019900633784,-1.51415835810533
1.28176980266463,-1.5512337250656
1.28334059899143,-1.58881619250133
1.28491139531823,-1.62689896624353
1.28648219164502,-1.66547529939478
1.28805298797181,-1.7045384900886
1.28962378429861,-1.74408187929268
1.2911945806254,-1.78409884865533
1.2927653769522,-1.82458281839206
1.294336173279,-1.86552724521301
1.29590696960579,-1.90692562028712
1.29747776593258,-1.94877146724419
1.29904856225938,-1.99105834021155
1.30061935858617,-2.03377982188625
1.30219015491297,-2.07692952163875
1.30376095123976,-2.12050107364994
1.30533174756656,-2.16448813507847
1.30690254389335,-2.20888438425844
1.30847334022015,-2.25368351892558
1.31004413654694,-2.29887925447274
1.31161493287374,-2.34446532223168
1.31318572920053,-2.39043546778169
1.31475652552733,-2.43678344928471
1.31632732185412,-2.48350303584563
1.31789811818092,-2.53058800589589
1.31946891450771,-2.57803214560358
1.32103971083451,-2.62582924730481
1.3226105071613,-2.67397310795913
1.3241813034881,-2.72245752762836
1.32575209981489,-2.77127630797607
1.32732289614169,-2.82042325079028
1.32889369246848,-2.86989215652788
1.33046448879528,-2.91967682287881
1.33203528512207,-2.96977104335373
1.33360608144887,-3.02016860589129
1.33517687777566,-3.07086329148634
1.33674767410246,-3.12184887283976
1.33831847042925,-3.17311911302829
1.33988926675605,-3.22466776419511
1.34146006308284,-3.27648856626254
1.34303085940964,-3.32857524566368
1.34460165573643,-3.38092151409668
1.34617245206323,-3.43352106729946
1.34774324839002,-3.48636758384577
1.34931404471682,-3.53945472396346
1.35088484104361,-3.59277612837395
1.35245563737041,-3.64632541715379
1.3540264336972,-3.70009618862052
1.355597230024,-3.7540820182385
1.35716802635079,-3.80827645755132
1.35873882267759,-3.86267303313537
1.36030961900438,-3.91726524557966
1.36188041533117,-3.97204656848987
1.36345121165797,-4.02701044751708
1.36502200798477,-4.08215029941471
1.36659280431156,-4.13745951111908
1.36816360063836,-4.19293143886106
1.36973439696515,-4.24855940730244
1.37130519329194,-4.3043367087041
1.37287598961874,-4.36025660212113
1.37444678594553,-4.41631231263145
1.37601758227233,-4.47249703059309
1.37758837859912,-4.5288039109352
1.37915917492592,-4.58522607248234
1.38072997125271,-4.64175659731203
1.38230076757951,-4.69838853014816
1.3838715639063,-4.75511487779087
1.3854423602331,-4.81192860858131
1.38701315655989,-4.86882265190867
1.38858395288669,-4.92578989775225
1.39015474921348,-4.98282319626697
1.39172554554028,-5.0399153574088
1.39329634186707,-5.09705915060378
1.39486713819387,-5.15424730446137
1.39643793452066,-5.21147250653037
1.39800873084746,-5.26872740310456
1.39957952717425,-5.32600459907376
1.40115032350105,-5.38329665782383
1.40272111982784,-5.44059610118716
1.40429191615464,-5.49789540944492
1.40586271248143,-5.55518702137977
1.40743350880823,-5.61246333438456
1.40900430513502,-5.66971670462582
1.41057510146182,-5.72693944726186
1.41214589778861,-5.78412383671999
1.41371669411541,-5.84126210703273
1.4152874904422,-5.89834645223193
1.416858286769,-5.9553690268082
1.41842908309579,-6.01232194622787
1.41999987942259,-6.06919728751783
1.42157067574938,-6.12598708991196
1.42314147207618,-6.18268335556701
1.42471226840297,-6.23927805034258
1.42628306472977,-6.29576310464959
1.42785386105656,-6.35213041437041
1.42942465738336,-6.40837184184625
1.43099545371015,-6.46447921693824
1.43256625003695,-6.52044433815696
1.43413704636374,-6.57625897387054
1.43570784269054,-6.63191486357956
1.43727863901733,-6.68740371927282
1.43884943534412,-6.74271722685429
1.44042023167092,-6.79784704764521
1.44199102799772,-6.85278481996716
1.44356182432451,-6.90752216079582
1.44513262065131,-6.96205066749507
1.4467034169781,-7.0163619196287
1.44827421330489,-7.07044748084741
1.44984500963169,-7.12429890085602
1.45141580595848,-7.17790771745534
1.45298660228528,-7.23126545866307
1.45455739861207,-7.28436364491301
1.45612819493887,-7.33719379132811
1.45769899126566,-7.38974741007401
1.45926978759246,-7.44201601278434
1.46084058391925,-7.49399111306285
1.46241138024605,-7.54566422906382
1.46398217657284,-7.59702688613751
1.46555297289964,-7.64807061955697
1.46712376922643,-7.6987869773121
1.46869456555323,-7.7491675229705
1.47026536188002,-7.79920383861622
1.47183615820682,-7.84888752784379
1.47340695453361,-7.89821021882773
1.47497775086041,-7.9471635674503
1.4765485471872,-7.99573926049111
1.478119343514,-8.04392901887953
1.47969013984079,-8.09172460099706
1.48126093616759,-8.13911780604611
1.48283173249438,-8.18610047745654
1.48440252882118,-8.2326645063578
1.48597332514797,-8.27880183508191
1.48754412147477,-8.32450446072443
1.48911491780156,-8.36976443873768
1.49068571412836,-8.41457388656515
1.49225651045515,-8.45892498730778
1.49382730678195,-8.50280999342658
1.49539810310874,-8.54622123046725
1.49696889943554,-8.5891511008136
1.49853969576233,-8.63159208745473
1.50011049208913,-8.67353675777773
1.50168128841592,-8.71497776736458
1.50325208474272,-8.75590786380214
1.50482288106951,-8.7963198904975
1.50639367739631,-8.83620679048708
1.5079644737231,-8.87556161025026
1.5095352700499,-8.91437750351059
1.51110606637669,-8.95264773502175
1.51267686270349,-8.99036568434275
1.51424765903028,-9.02752484958561
1.51581845535708,-9.06411885114213
1.51738925168387,-9.10014143537495
1.51896004801066,-9.13558647827976
1.52053084433746,-9.1704479891035
1.52210164066426,-9.20472011391778
1.52367243699105,-9.23839713914933
1.52524323331784,-9.27147349505154
1.52681402964464,-9.30394375912074
1.52838482597143,-9.33580265945255
1.52995562229823,-9.36704507802774
1.53152641862502,-9.39766605393022
1.53309721495182,-9.42766078648897
1.53466801127861,-9.45702463834183
1.53623880760541,-9.48575313841452
1.5378096039322,-9.51384198481401
1.539380400259,-9.54128704762573
1.54095119658579,-9.56808437162596
1.54252199291259,-9.59423017888094
1.54409278923938,-9.61972087125648
1.54566358556618,-9.64455303281359
1.54723438189297,-9.6687234320972
1.54880517821977,-9.69222902431251
1.55037597454656,-9.7150669533858
1.55194677087336,-9.73723455390429
1.55351756720015,-9.7587293529358
1.55508836352695,-9.77954907172839
1.55665915985374,-9.79969162727456
1.55822995618054,-9.81915513375631
1.55980075250733,-9.83793790385351
1.56137154883413,-9.85603844991972
1.56294234516092,-9.87345548502938
1.56451314148772,-9.89018792387782
1.56608393781451,-9.90623488355836
1.56765473414131,-9.9215956841891
1.5692255304681,-9.93626984940508
1.5707963267949,-9.95025710671446
1.57236712312169,-9.96355738770347
1.57393791944849,-9.97617082811536
1.57550871577528,-9.98809776777229
1.57707951210208,-9.99933875037118
1.57865030842887,-10.0098945231284
1.58022110475567,-10.0197660362884
1.58179190108246,-10.0289544424979
1.58336269740926,-10.0374610960292
1.58493349373605,-10.0452875518817
1.58650429006285,-10.0524355647347
1.58807508638964,-10.0589070877732
1.58964588271644,-10.0647042713799
1.59121667904323,-10.069829461691
1.59278747537003,-10.074285199033
1.59435827169682,-10.0780742162238
1.59592906802362,-10.0811994367538
1.59749986435041,-10.0836639728471
1.5990706606772,-10.0854711234013
1.600641457004,-10.086624371812
1.60221225333079,-10.087127383685
1.60378304965759,-10.0869840044417
1.60535384598438,-10.0861982568097
1.60692464231118,-10.0847743382252
1.60849543863797,-10.0827166181213
1.61006623496477,-10.0800296351311
1.61163703129156,-10.076718094196
1.61320782761836,-10.0727868635868
1.61477862394515,-10.0682409718412
1.61634942027195,-10.0630856046225
1.61792021659874,-10.0573261015024
1.61949101292554,-10.0509679526763
1.62106180925233,-10.0440167956073
1.62263260557913,-10.0364784116113
1.62420340190592,-10.0283587223859
1.62577419823272,-10.0196637864809
1.62734499455951,-10.0103997957258
1.62891579088631,-10.0005730716125
1.6304865872131,-9.9901900616336
1.6320573835399,-9.97925733559268
1.63362817986669,-9.96778158187798
1.63519897619349,-9.95576960371577
1.63676977252028,-9.9432283153959
1.63834056884708,-9.93016473848677
1.63991136517387,-9.91658599803492
1.64148216150067,-9.90249931875227
1.64305295782746,-9.88791202120788
1.64462375415426,-9.87283151801345
1.64619455048105,-9.85726531001421
1.64776534680785,-9.84122098249284
1.64933614313464,-9.82470620137759
1.65090693946144,-9.80772870947611
1.65247773578823,-9.79029632272275
1.65404853211503,-9.77241692645524
1.65561932844182,-9.75409847171094
1.65719012476862,-9.73534897156549
1.65876092109541,-9.71617649749513
1.66033171742221,-9.69658917578645
1.661902513749,-9.6765951839759
1.6634733100758,-9.65620274734759
1.66504410640259,-9.63542013546213
1.66661490272939,-9.61425565875088
1.66818569905618,-9.59271766514807
1.66975649538298,-9.57081453678904
1.67132729170977,-9.54855468676021
1.67289808803656,-9.52594655590724
1.67446888436336,-9.50299860971131
1.67603968069015,-9.47971933521892
1.67761047701695,-9.45611723804905
1.67918127334374,-9.43220083945532
1.68075206967054,-9.40797867346598
1.68232286599733,-9.38345928409079
1.68389366232413,-9.35865122259507
1.68546445865092,-9.3335630448552
1.68703525497772,-9.30820330877901
1.68860605130451,-9.28258057180464
1.69017684763131,-9.25670338847609
1.6917476439581,-9.23058030809086
1.6933184402849,-9.20421987242648
1.69488923661169,-9.17763061354485
1.69646003293849,-9.15082105166961
1.69803082926528,-9.1237996931463
1.69960162559208,-9.09657502847676
1.70117242191887,-9.06915553043114
1.70274321824567,-9.04154965223898
1.70431401457246,-9.01376582585515
1.70588481089926,-8.98581246030712
1.70745560722605,-8.95769794011284
1.70902640355285,-8.92943062377959
1.71059719987964,-8.90101884237794
1.71216799620644,-8.87247089818692
1.71373879253323,-8.84379506342
1.71530958886003,-8.81499957901799
1.71688038518682,-8.78609265352046
1.71845118151362,-8.75708246200551
1.72002197784041,-8.72797714510338
1.72159277416721,-8.69878480807706
1.723163570494,-8.66951351997602
1.7247343668208,-8.64017131285415
1.72630516314759,-8.61076618105861
1.72787595947439,-8.58130608058174
1.72944675580118,-8.55179892847815
1.73101755212798,-8.5222526023487
1.73258834845477,-8.49267493988128
1.73415914478157,-8.4630737384592
1.73572994110836,-8.43345675482423
1.73730073743516,-8.40383170480193
1.73887153376195,-8.37420626308283
1.74044233008874,-8.34458806306141
1.74201312641554,-8.31498469672761
1.74358392274234,-8.28540371461536
1.74515471906913,-8.25585262580115
1.74672551539593,-8.22633889795458
1.74829631172272,-8.19686995743987
1.74986710804951,-8.16745318946452
1.75143790437631,-8.13809593827591
1.7530087007031,-8.10880550740627
1.7545794970299,-8.07958915995927
1.75615029335669,-8.05045411894325
1.75772108968349,-8.02140756764612
1.75929188601028,-7.99245665005114
1.76086268233708,-7.96360847129564
1.76243347866387,-7.93487009816518
1.76400427499067,-7.90624855962997
1.76557507131746,-7.87775084741546
1.76714586764426,-7.84938391661057
1.76871666397105,-7.82115468631089
1.77028746029785,-7.7930700402953
1.77185825662464,-7.76513682773671
1.77342905295144,-7.73736186394453
1.77499984927823,-7.70975193113834
1.77657064560503,-7.68231377925322
1.77814144193182,-7.65505412677281
1.77971223825862,-7.62797966159387
1.78128303458541,-7.60109704191583
1.78285383091221,-7.57441289716123
1.784424627239,-7.54793382891986
1.7859954235658,-7.52166641192114
1.78756621989259,-7.49561719503109
1.78913701621939,-7.46979270227378
1.79070781254618,-7.44419943387819
1.79227860887298,-7.41884386734824
1.79384940519977,-7.39373245855663
1.79542020152657,-7.36887164286057
1.79699099785336,-7.34426783624194
1.79856179418016,-7.31992743646805
1.80013259050695,-7.29585682427496
1.80170338683375,-7.2720623645724
1.80327418316054,-7.24855040767015
1.80484497948734,-7.22532729052545
1.80641577581413,-7.20239933801098
1.80798657214093,-7.17977286420507
1.80955736846772,-7.15745417370155
1.81112816479452,-7.13544956294069
1.81269896112131,-7.11376532156095
1.81426975744811,-7.09240773377186
1.8158405537749,-7.07138307974778
1.8174113501017,-7.05069763704178
1.81898214642849,-7.0303576820219
1.82055294275528,-7.01036949132865
1.82212373908208,-6.99073934335319
1.82369453540888,-6.97147351973874
1.82526533173567,-6.95257830690344
1.82683612806246,-6.93405999758609
1.82840692438926,-6.91592489241552
1.82997772071605,-6.89817930150205
1.83154851704285,-6.88082954605511
1.83311931336964,-6.86388196002384
1.83469010969644,-6.84734289176376
1.83626090602323,-6.83121870572881
1.83783170235003,-6.81551578419108
1.83940249867682,-6.80024052898659
1.84097329500362,-6.78539936328998
1.84254409133041,-6.77099873341864
1.84411488765721,-6.75704511066604
1.845685683984,-6.74354499316694
1.8472564803108,-6.73050490779345
1.84882727663759,-6.71793141208549
1.85039807296439,-6.70583109621442
1.85196886929118,-6.69421058498341
1.85353966561798,-6.68307653986319
1.85511046194477,-6.67243566106686
1.85668125827157,-6.6622946896643
1.85825205459836,-6.65266040973705
1.85982285092516,-6.64353965057634
1.86139364725195,-6.63493928892532
1.86296444357875,-6.62686625126686
1.86453523990554,-6.61932751616011
1.86610603623234,-6.61233011662593
1.86767683255913,-6.60588114258417
1.86924762888593,-6.59998774334534
1.87081842521272,-6.59465713015779
1.87238922153952,-6.58989657881293
1.87396001786631,-6.58571343231211
1.87553081419311,-6.58211510359554
1.8771016105199,-6.57910907833768
1.8786724068467,-6.57670291781137
1.88024320317349,-6.57490426182271
1.88181399950029,-6.57372083172119
1.88338479582708,-6.57316043348676
1.88495559215388,-6.57323096089817
1.88652638848067,-6.57394039878588
1.88809718480747,-6.57529682637229
1.88966798113426,-6.57730842070465
1.89123877746106,-6.5799834601829
1.89280957378785,-6.58333032818799
1.89438037011465,-6.58735751681429
1.89595116644144,-6.59207363071097
1.89752196276824,-6.59748739103679
1.89909275909503,-6.60360763953396
1.90066355542182,-6.61044334272567
1.90223435174862,-6.61800359624327
1.90380514807542,-6.62629762928874
1.90537594440221,-6.63533480923854
1.906946740729,-6.64512464639537
1.9085175370558,-6.65567679889443
1.91008833338259,-6.66700107777125
1.91165912970939,-6.67910745219867
1.91322992603618,-6.69200605490067
1.91480072236298,-6.70570718775129
1.91637151868977,-6.72022132756722
1.91794231501657,-6.73555913210333
1.91951311134336,-6.75173144626058
1.92108390767016,-6.76874930851646
1.92265470399695,-6.7866239575886
1.92422550032375,-6.80536683934273
1.92579629665054,-6.82498961395683
1.92736709297734,-6.84550416335398
1.92893788930413,-6.86692259891696
1.93050868563093,-6.88925726949874
1.93207948195772,-6.91252076974305
1.93365027828452,-6.93672594873126
1.93522107461131,-6.96188591897099
1.93679187093811,-6.98801406574504
1.9383626672649,-7.01512405683754
1.9399334635917,-7.04322985265783
1.94150425991849,-7.07234571678226
1.94307505624529,-7.10248622693521
1.94464585257208,-7.13366628643337
1.94621664889888,-7.16590113611655
1.94778744522567,-7.19920636679203
1.94935824155247,-7.23359793221899
1.95092903787926,-7.26909216266324
1.95249983420606,-7.30570577905223
1.95407063053285,-7.34345590776399
1.95564142685965,-7.38236009608498
1.95721222318644,-7.42243632837379
1.95878301951324,-7.46370304297079
1.96035381584003,-7.50617914989537
1.96192461216683,-7.54988404937676
1.96349540849362,-7.59483765126497
1.96506620482042,-7.64106039537447
1.96663700114721,-7.68857327281427
1.96820779747401,-7.73739784836259
1.9697785938008,-7.78755628394851
1.9713493901276,-7.83907136330789
1.97292018645439,-7.89196651788276
1.97449098278118,-7.94626585404189
1.97606177910798,-8.00199418170294
1.97763257543477,-8.05917704444404
1.97920337176157,-8.11784075119668
1.98077416808836,-8.17801240962233
1.98234496441516,-8.23971996127737
1.98391576074195,-8.3029922186837
1.98548655706875,-8.36785890442768
1.98705735339554,-8.43435069241973
1.98862814972234,-8.50249925145911
1.99019894604913,-8.57233729125582
1.99176974237593,-8.64389861107534
1.99334053870272,-8.71721815118464
1.99491133502952,-8.79233204729101
1.99648213135631,-8.86927768817988
1.99805292768311,-8.94809377677488
1.9996237240099,-9.02882039486046
2.0011945203367,-9.11149907172595
2.00276531666349,-9.19617285701288
2.00433611299029,-9.28288639806647
2.00590690931708,-9.37168602211847
2.00747770564388,-9.46261982365817
2.00904850197067,-9.55573775736848
2.01061929829747,-9.65109173704758
2.01219009462426,-9.74873574095879
2.01376089095106,-9.84872592409698
2.01533168727785,-9.95112073789296
2.01690248360465,-10.0559810579285
2.01847327993144,-10.1633703202712
2.02004407625824,-10.2733546671012
2.02161487258503,-10.3860031023415
2.02318566891183,-10.5013876580803
2.02475646523862,-10.6195835726141
2.02632726156542,-10.740669481033
2.02789805789221,-10.8647276193135
2.02946885421901,-10.9918440429829
2.0310396505458,-11.1221088614813
2.0326104468726,-11.2556164894344
2.03418124319939,-11.3924659161336
2.03575203952619,-11.5327609946
2.03732283585298,-11.6766107516892
2.03889363217978,-11.8241297207671
2.04046442850657,-11.9754382985579
2.04203522483337,-12.1306631278003
2.04360602116016,-12.2899375073847
2.04517681748696,-12.4534018316244
2.04674761381375,-12.6212040602515
2.04831841014055,-12.7935002205995
2.04988920646734,-12.9704549431924
2.05146000279413,-13.1522420316127
2.05303079912093,-13.3390450669575
2.05460159544772,-13.5310580464151
2.05617239177452,-13.7284860543685
2.05774318810131,-13.9315459628767
2.05931398442811,-14.140467156219
2.0608847807549,-14.3554922712446
2.0624555770817,-14.5768779412342
2.06402637340849,-14.804895525526
2.06559716973529,-15.0398317997536
2.06716796606208,-15.2819895715641
2.06873876238888,-15.5316881731671
2.07030955871567,-15.7892637638691
2.07188035504247,-16.0550693511366
2.07345115136926,-16.3294744055139
2.07502194769606,-16.612863899844
2.07659274402285,-16.9056365425312
2.07816354034965,-17.2082018925708
2.07973433667644,-17.5209759331086
2.08130513300324,-17.8443745305891
2.08287592933003,-18.1788040047448
2.08444672565683,-18.5246477640632
2.08601752198362,-18.8822476006441
2.08758831831042,-19.2518777628874
2.08915911463721,-19.6337093080281
2.09072991096401,-20.027761458401
2.0923007072908,-20.4338357448513
2.0938715036176,-20.8514276678393
2.09544229994439,-21.2796095997968
2.09701309627119,-21.7168780600717
2.09858389259798,-22.1609590619889
2.10015468892478,-22.608568318797
2.10172548525157,-23.0551309265109
2.10329628157837,-23.4944808649018
2.10486707790516,-23.9185876554892
2.10643787423196,-24.317396945623
2.10800867055875,-24.6789171950726
2.10957946688555,-24.9897141537141
2.11115026321234,-25.2359471365379
2.11272105953914,-25.4049500499068
2.11429185586593,-25.4871209068092
2.11586265219273,-25.4776294251779
2.11743344851952,-25.3773646567078
2.11900424484632,-25.1927573537408
2.12057504117311,-24.9345477489125
2.1221458374999,-24.6159605909981
2.1237166338267,-24.2508675107608
2.1252874301535,-23.8523586271309
2.12685822648029,-23.4318790664074
2.12842902280708,-22.9988750673877
2.12999981913388,-22.5607982272906
2.13157061546067,-22.1233113344078
2.13314141178747,-21.6905770708321
2.13471220811426,-21.265555912422
2.13628300444106,-20.8502754102111
2.13785380076785,-20.4460563209743
2.13942459709465,-20.0536940143544
2.14099539342144,-19.6735996846848
2.14256618974824,-19.3059080289784
2.14413698607503,-18.9505581591389
2.14570778240183,-18.6073537411538
2.14727857872862,-18.276007306451
2.14884937505542,-17.9561726515461
2.15042017138221,-17.647468348668
2.15199096770901,-17.3494946623015
2.1535617640358,-17.0618455955074
2.1551325603626,-16.7841173519086
2.15670335668939,-16.5159141682992
2.15827415301619,-16.2568522250748
2.15984494934298,-16.0065621572741
2.16141574566978,-15.7646905522668
2.16298654199657,-15.5309007188774
2.16455733832337,-15.304872937841
2.16612813465016,-15.0863043481117
2.16769893097696,-14.8749085825607
2.16926972730375,-14.670415236281
2.17084052363055,-14.4725692282478
2.17241131995734,-14.2811301004614
2.17398211628414,-14.0958712863648
2.17555291261093,-13.9165793712116
2.17712370893773,-13.743053360307
2.17869450526452,-13.5751039660661
2.18026530159132,-13.4125529211692
2.18183609791811,-13.2552323223963
2.18340689424491,-13.1029840077828
2.1849776905717,-12.9556589683078
2.1865484868985,-12.8131167943306
2.18811928322529,-12.6752251562777
2.18969007955209,-12.5418593185996
2.19126087587888,-12.4129016856979
2.19283167220568,-12.2882413783269
2.19440246853247,-12.167773838861
2.19597326485927,-12.0514004637778
2.19754406118606,-11.9390282617045
2.19911485751286,-11.8305695354112
2.20068565383965,-11.7259415861836
2.20225645016644,-11.6250664390817
2.20382724649324,-11.5278705876649
2.20539804282004,-11.4342847568469
2.20696883914683,-11.3442436826273
2.20853963547362,-11.2576859075291
2.21011043180042,-11.1745535906533
2.21168122812721,-11.0947923313405
2.21325202445401,-11.0183510055019
2.2148228207808,-10.9451816137559
2.2163936171076,-10.8752391405719
2.21796441343439,-10.8084814236852
2.21953520976119,-10.7448690331065
2.22110600608798,-10.6843651591056
2.22267680241478,-10.6269355085957
2.22424759874157,-10.5725482093972
2.22581839506837,-10.5211737219022
2.22738919139516,-10.4727847577005
2.22895998772196,-10.4273562047678
2.23053078404875,-10.3848650588534
2.23210158037555,-10.3452903607356
2.23367237670234,-10.3086131390445
2.23524317302914,-10.2748163583827
2.23681396935593,-10.2438848724994
2.23838476568273,-10.2158053822998
2.23995556200952,-10.1905663984952
2.24152635833632,-10.1681582087231
2.24309715466311,-10.148572848987
2.24466795098991,-10.1318040792855
2.2462387473167,-10.1178473633237
2.2478095436435,-10.106699852212
2.24938033997029,-10.0983603720847
2.25095113629709,-10.0928294155806
2.25252193262388,-10.0901091371493
2.25409272895068,-10.0902033521661
2.25566352527747,-10.0931175398494
2.25723432160427,-10.0988588499999
2.25880511793106,-10.1074361135906
2.26037591425786,-10.1188598572599
2.26194671058465,-10.1331423217764
2.26351750691145,-10.1502974845601
2.26508830323824,-10.1703410863692
2.26665909956504,-10.1932906622771
2.26822989589183,-10.2191655770871
2.26980069221863,-10.2479870653557
2.27137148854542,-10.2797782762162
2.27294228487222,-10.3145643232216
2.27451308119901,-10.3523723394517
2.27608387752581,-10.3932315381568
2.2776546738526,-10.4371732792434
2.27922547017939,-10.4842311419379
2.28079626650619,-10.5344410040019
2.28236706283298,-10.5878411279103
2.28393785915978,-10.6444722544463
2.28550865548657,-10.7043777042132
2.28707945181337,-10.7676034876106
2.28865024814016,-10.8341984238813
2.29022104446696,-10.9042142698889
2.29179184079375,-10.9777058593572
2.29336263712055,-11.0547312533656
2.29493343344734,-11.1353519029818
2.29650422977414,-11.2196328249877
2.29807502610093,-11.3076427917551
2.29964582242773,-11.399454536424
2.30121661875452,-11.4951449746489
2.30278741508132,-11.5947954442986
2.30435821140811,-11.6984919646259
2.30592900773491,-11.8063255165644
2.3074998040617,-11.9183923459669
2.3090706003885,-12.0347942917609
2.31064139671529,-12.1556391411773
2.31221219304209,-12.2810410143953
2.31378298936888,-12.4111207811455
2.31535378569568,-12.5460065120164
2.31692458202247,-12.6858339674224
2.31849537834927,-12.8307471273954
2.32006617467606,-12.98089876556
2.32163697100286,-13.1364510708304
2.32320776732965,-13.2975763204937
2.32477856365645,-13.4644576084261
2.32634935998324,-13.6372896321526
2.32792015631004,-13.8162795422934
2.32949095263683,-14.0016478575563
2.33106174896363,-14.1936294477468
2.33263254529042,-14.3924745861612
2.33420334161722,-14.5984500710073
2.33577413794401,-14.8118404129472
2.33734493427081,-15.032949082128
2.3389157305976,-15.2620998026995
2.3404865269244,-15.4996378751823
2.34205732325119,-15.7459314962448
2.34362811957799,-16.0013730302311
2.34519891590478,-16.2663801654238
2.34676971223158,-16.5413968580769
2.34834050855837,-16.826893925309
2.34991130488517,-17.1233690891782
2.35148210121196,-17.4313461919062
2.35305289753876,-17.7513731867286
2.35462369386555,-18.0840183468145
2.35619449019234,-18.4298639073407
2.35776528651914,-18.7894960369932
2.35933608284593,-19.1634895890636
2.36090687917273,-19.5523854606609
2.36247767549952,-19.956657528812
2.36404847182632,-20.3766649581679
2.36561926815311,-20.8125841050685
2.36719006447991,-21.2643122159834
2.3687608608067,-21.7313326588795
2.3703316571335,-22.2125287836103
2.37190245346029,-22.7059314385677
2.37347324978709,-23.2083854503214
2.37504404611388,-23.7151266039231
2.37661484244068,-24.2192792547617
2.37818563876747,-24.7113252114944
2.37975643509427,-25.1786669299702
2.38132723142106,-25.6055122313503
2.38289802774786,-25.9734106438119
2.38446882407465,-26.2627800491135
2.38603962040145,-26.4555355426351
2.38761041672824,-26.5384019303743
2.38918121305504,-26.5058684146024
2.39075200938183,-26.361543100812
2.39232280570863,-26.1172600504075
2.39389360203542,-25.79037062587
2.39546439836222,-25.4004027877003
2.39703519468901,-24.966227853576
2.39860599101581,-24.5042933365098
2.4001767873426,-24.0278997031827
2.4017475836694,-23.5472064040249
2.40331837999619,-23.0696228405354
2.40488917632299,-22.600332778884
2.40645997264978,-22.1428090928346
2.40803076897658,-21.6992556263704
2.40960156530337,-21.2709595799788
2.41117236163017,-20.8585602202119
2.41274315795696,-20.4622479409421
2.41431395428376,-20.0819088753258
2.41588475061055,-19.7172284945941
2.41745554693735,-19.3677650215372
2.41902634326414,-19.0330009551079
2.42059713959094,-18.712378876194
2.42216793591773,-18.4053260403467
2.42373873224452,-18.1112710110655
2.42530952857132,-17.8296546669375
2.42688032489812,-17.5599372490293
2.42845112122491,-17.3016026357272
2.4300219175517,-17.0541606895347
2.4315927138785,-16.8171482758669
2.43316351020529,-16.5901293796474
2.43473430653209,-16.3726946213352
2.43630510285888,-16.164460385473
2.43787589918568,-15.9650677116739
2.43944669551247,-15.7741810528752
2.44101749183927,-15.5914869735054
2.44258828816606,-15.4166928372355
2.44415908449286,-15.2495255176313
2.44572988081965,-15.089730153389
2.44730067714645,-14.9370689616088
2.44887147347324,-14.7913201167734
2.45044226980004,-14.652276699066
2.45201306612683,-14.519745712889
2.45358386245363,-14.3935471745791
2.45515465878042,-14.2735132670893
2.45672545510722,-14.1594875586527
2.45829625143401,-14.0513242819997
2.45986704776081,-13.9488876705016
2.4614378440876,-13.8520513475569
2.4630086404144,-13.7606977655996
2.46457943674119,-13.6747176912336
2.46615023306799,-13.5940097331739
2.46772102939478,-13.5184799098703
2.46929182572158,-13.4480412539061
2.47086262204837,-13.382613450476
2.47243341837517,-13.3221225074643
2.47400421470196,-13.2665004548514
2.47557501102876,-13.2156850713749
2.47714580735555,-13.1696196365619
2.47871660368235,-13.1282527064263
2.48028740000914,-13.0915379112921
2.48185819633594,-13.0594337743605
2.48342899266273,-13.031903549784
2.48499978898953,-13.0089150791492
2.48657058531632,-12.9904406653946
2.48814138164312,-12.9764569633114
2.48971217796991,-12.9669448858876
2.49128297429671,-12.9618895258594
2.4928537706235,-12.9612800919373
2.4944245669503,-12.9651098592643
2.49599536327709,-12.9733761337608
2.49756615960389,-12.9860802300923
2.49913695593068,-13.003227463084
2.50070775225748,-13.0248271524883
2.50227854858427,-13.0508926410908
2.50384934491106,-13.0814413262221
2.50542014123786,-13.1164947048206
2.50699093756466,-13.1560784322724
2.50856173389145,-13.2002223953329
2.51013253021824,-13.2489607995184
2.51170332654504,-13.3023322714351
2.51327412287183,-13.3603799765981
2.51484491919863,-13.4231517533806
2.51641571552542,-13.4907002638143
2.51798651185222,-13.5630831620582
2.51955730817901,-13.6403632814333
2.52112810450581,-13.7226088410174
2.5226989008326,-13.8098936728748
2.5242696971594,-13.9022974710837
2.52584049348619,-13.9999060638002
2.52741128981299,-14.102811709664
2.52898208613978,-14.2111134199056
2.53055288246658,-14.3249173075405
2.53212367879337,-14.4443369650364
2.53369447512017,-14.5694938717892
2.53526527144696,-14.7005178326324
2.53683606777376,-14.8375474484104
2.53840686410055,-14.9807306193314
2.53997766042735,-15.1302250813487
2.54154845675414,-15.2861989751367
2.54311925308094,-15.448831446268
2.54469004940773,-15.6183132738526
2.54626084573453,-15.7948475230595
2.54783164206132,-15.9786502144105
2.54940243838812,-16.1699509993151
2.55097323471491,-16.3689938266812
2.55254403104171,-16.576037579185
2.5541148273685,-16.7913566493755
2.5556856236953,-17.0152414144744
2.55725642002209,-17.2479985535262
2.55882721634889,-17.4899511301161
2.56039801267568,-17.7414383363821
2.56196880900248,-18.0028147570724
2.56353960532927,-18.2744489626343
2.56511040165607,-18.5567211733125
2.56668119798286,-18.8500196460505
2.56825199430966,-19.1547353146717
2.56982279063645,-19.4712540509392
2.57139358696325,-19.7999456961404
2.57296438329004,-20.1411487227895
2.57453517961684,-20.4951490034533
2.57610597594363,-20.8621506659486
2.57767677227043,-21.2422363803345
2.57924756859722,-21.6353136432592
2.58081836492401,-22.0410427195588
2.58238916125081,-22.4587409572885
2.5839599575776,-22.8872574335889
2.5855307539044,-23.3248117869846
2.5871015502312,-23.7687925408933
2.58867234655799,-24.2155147581062
2.59024314288478,-24.6599468305903
2.59181393921158,-25.0954345816656
2.59338473553837,-25.5134800968712
2.59495553186517,-25.9036716226332
2.59652632819196,-26.2538989283074
2.59809712451876,-26.5509994618022
2.59966792084555,-26.7819237109077
2.60123871717235,-26.9353508666658
2.60280951349914,-27.0034515792423
2.60438030982594,-26.9832993384473
2.60595110615273,-26.877438361547
2.60752190247953,-26.6933903091329
2.60909269880632,-26.4422895213512
2.61066349513312,-26.1371275650261
2.61223429145991,-25.7911136645044
2.61380508778671,-25.4164717041599
2.6153758841135,-25.0237579984231
2.6169466804403,-24.6216193015344
2.61851747676709,-24.216847048848
2.62008827309389,-23.8145912940739
2.62165906942068,-23.4186349912248
2.62322986574748,-23.0316686429114
2.62480066207427,-22.6555353942223
2.62637145840107,-22.2914357517356
2.62794225472786,-21.9400915793476
2.62951305105466,-21.6018738635887
2.63108384738145,-21.276900353949
2.63265464370825,-20.9651091582417
2.63422544003504,-20.666313642202
2.63579623636184,-20.3802430425325
2.63736703268863,-20.1065722900644
2.63893782901543,-19.8449437494581
2.64050862534222,-19.5949829375384
2.64207942166902,-19.356309775335
2.64365021799581,-19.1285465387132
2.64522101432261,-18.9113233764123
2.6467918106494,-18.7042820417343
2.6483626069762,-18.5070783177336
2.64993340330299,-18.3193834918032
2.65150419962979,-18.1408851434008
2.65307499595658,-17.9712874401839
2.65464579228338,-17.810311086973
2.65621658861017,-17.657693034175
2.65778738493696,-17.5131860242164
2.65935818126376,-17.3765580336498
2.66092897759055,-17.2475916530625
2.66249977391735,-17.1260834353589
2.66407057024414,-17.0118432343931
2.66564136657094,-16.9046935495464
2.66721216289773,-16.8044688871065
2.66878295922453,-16.711015145806
2.67035375555132,-16.6241890312989
2.67192455187812,-16.5438575024612
2.67349534820491,-16.4698972510343
2.67506614453171,-16.402194215139
2.6766369408585,-16.3406431264938
2.6782077371853,-16.2851470906853
2.67977853351209,-16.235617199519
2.68134932983889,-16.1919721742713
2.68292012616568,-16.1541380385482
2.68449092249248,-16.1220478193977
2.68606171881927,-16.095641275319
2.68763251514607,-16.0748646498279
2.68920331147286,-16.0596704492855
2.69077410779966,-16.0500172437548
2.69234490412645,-16.045869489714
2.69391570045325,-16.0471973735269
2.69548649678004,-16.053976674639
2.69705729310684,-16.0661886475361
2.69862808943363,-16.0838199215629
2.70019888576043,-16.106862417756
2.70176968208722,-16.1353132818895
2.70334047841402,-16.16917483297
2.70491127474081,-16.208454526435
2.70648207106761,-16.2531649313236
2.7080528673944,-16.303323720669
2.7096236637212,-16.358953674338
2.71119446004799,-16.4200826934802
2.71276525637479,-16.4867438256652
2.71433605270158,-16.5589752996606
2.71590684902838,-16.6368205686366
2.71747764535517,-16.7203283603626
2.71904844168197,-16.8095527326732
2.72061923800876,-16.9045531321199
2.72219003433556,-17.0053944532563
2.72376083066235,-17.1121470954299
2.72533162698915,-17.2248870132195
2.72690242331594,-17.3436957557488
2.72847321964274,-17.4686604889765
2.73004401596953,-17.5998739936467
2.73161481229632,-17.7374346298359
2.73318560862312,-17.8814462568555
2.73475640494991,-18.0320180945599
2.73632720127671,-18.1892645087634
2.7378979976035,-18.3533046992954
2.7394687939303,-18.524262264058
2.74103959025709,-18.7022646060343
2.74261038658389,-18.8874421422372
2.74418118291068,-19.0799272637298
2.74575197923748,-19.2798529836367
2.74732277556427,-19.4873511949747
2.74889357189107,-19.7025504415275
2.75046436821786,-19.9255730821206
2.75203516454466,-20.1565317006915
2.75360596087145,-20.3955245805735
2.75517675719825,-20.6426300204913
2.75674755352504,-20.8978992211004
2.75831834985184,-21.1613474140163
2.75988914617863,-21.432942840425
2.76145994250543,-21.712593115174
2.76303073883222,-22.0001284386822
2.76460153515902,-22.2952810509556
2.76617233148581,-22.5976602735003
2.76774312781261,-22.9067224793591
2.7693139241394,-23.221735405793
2.7708847204662,-23.5417364338201
2.77245551679299,-23.8654848828592
2.77402631311979,-24.1914091121136
2.77559710944658,-24.5175504092705
2.77716790577338,-24.8415074089137
2.77873870210017,-25.1603871982026
2.78030949842697,-25.4707722795684
2.78188029475376,-25.7687158377528
2.78345109108056,-26.0497805256769
2.78502188740735,-26.309136897418
2.78659268373415,-26.54173484567
2.78816348006094,-26.7425531206142
2.78973427638774,-26.9069174420156
2.79130507271453,-27.0308585138013
2.79287586904133,-27.1114623759833
2.79444666536812,-27.1471544931283
2.79601746169492,-27.1378627540865
2.79758825802171,-27.085025292723
2.79915905434851,-26.9914414479857
2.8007298506753,-26.8609971855548
2.8023006470021,-26.6983185174664
2.80387144332889,-26.5084118862069
2.80544223965568,-26.2963406154795
2.80701303598248,-26.0669680632151
2.80858383230928,-25.8247786711447
2.81015462863607,-25.573772970584
2.81172542496286,-25.31742372214
2.81329622128966,-25.0586771363356
2.81486701761645,-24.7999837651554
2.81643781394325,-24.5433463105895
2.81800861027004,-24.2903748668053
2.81957940659684,-24.0423431706879
2.82115020292363,-23.8002419139728
2.82272099925043,-23.5648269929734
2.82429179557722,-23.3366618109217
2.82586259190402,-23.1161535286207
2.82743338823081,-22.9035836090146
2.82900418455761,-22.6991332278216
2.8305749808844,-22.5029042069829
2.8321457772112,-22.3149361279661
2.83371657353799,-22.1352202364015
2.83528736986479,-21.963710682632
2.83685816619158,-21.8003335693008
2.83842896251838,-21.6449942054491
2.83999975884517,-21.4975829010254
2.84157055517197,-21.3579795780167
2.84314135149876,-21.2260574249539
2.84471214782556,-21.1016857799007
2.84628294415235,-20.9847323924155
2.84785374047915,-20.8750651864615
2.84942453680594,-20.7725536229094
2.85099533313274,-20.6770697412787
2.85256612945953,-20.588488944946
2.85413692578633,-20.5066905815718
2.85570772211312,-20.431558360409
2.85727851843992,-20.3629806400111
2.85884931476671,-20.3008506132884
2.86042011109351,-20.2450664115535
2.8619909074203,-20.1955311449172
2.8635617037471,-20.1521528929379
2.86513250007389,-20.1148446566338
2.86670329640069,-20.0835242807044
2.86827409272748,-20.0581143529766
2.86984488905428,-20.0385420866042
2.87141568538107,-20.0247391893357
2.87298648170787,-20.0166417231829
2.87455727803466,-20.0141899570094
2.87612807436146,-20.0173282138919
2.87769887068825,-20.0260047145565
2.87926966701505,-20.0401714177254
2.88084046334184,-20.0597838578203
2.88241125966863,-20.0848009801289
2.88398205599543,-20.1151849732462
2.88555285232222,-20.1509010983366
2.88712364864902,-20.1919175145191
2.88869444497582,-20.2382050994493
2.89026524130261,-20.289737263944
2.8918360376294,-20.3464897592781
2.8934068339562,-20.408440475548
2.89497763028299,-20.4755692292656
2.89654842660979,-20.5478575380875
2.89811922293658,-20.6252883803206
2.89969001926338,-20.7078459365439
2.90126081559017,-20.7955153103711
2.90283161191697,-20.8882822250236
2.90440240824376,-20.9861326919983
2.90597320457056,-21.0890526476918
2.90754400089735,-21.1970275533778
2.90911479722415,-21.3100419534295
2.91068559355094,-21.4280789861326
2.91225638987774,-21.5511198408406
2.91382718620453,-21.6791431546
2.91539798253133,-21.8121243407062
2.91696877885812,-21.9500348409704
2.91853957518492,-22.0928412927808
2.92011037151171,-22.2405046013619
2.92168116783851,-22.3929789070017
2.9232519641653,-22.5502104364646
2.9248227604921,-22.7121362274018
2.92639355681889,-22.8786827143787
2.92796435314569,-23.0497641652627
2.92953514947248,-23.2252809572684
2.93110594579928,-23.4051176831073
2.93267674212607,-23.5891410796087
2.93424753845287,-23.7771977741238
2.93581833477966,-23.9691118482448
2.93738913110646,-24.1646822242071
2.93895992743325,-24.3636798871531
2.94053072376005,-24.5658449666095
2.94210152008684,-24.7708837134784
2.94367231641364,-24.9784654249483
2.94524311274043,-25.1882193892955
2.94681390906723,-25.3997319457295
2.94838470539402,-25.6125437811324
2.94995550172082,-25.8261476152585
2.95152629804761,-26.0399864576679
2.95309709437441,-26.2534526515849
2.9546678907012,-26.4658879493573
2.956238687028,-26.676584887554
2.95780948335479,-26.8847897422369
2.95938027968159,-27.089707340921
2.96095107600838,-27.2905079809943
2.96252187233517,-27.4863366488414
2.96409266866197,-27.6763246447779
2.96566346498876,-27.8596035938569
2.96723426131556,-28.0353216634714
2.96880505764235,-28.2026616227513
2.97037585396915,-28.3608601797107
2.97194665029594,-28.5092278398134
2.97351744662274,-28.6471683686544
2.97508824294953,-28.7741968378773
2.97665903927633,-28.8899552104721
2.97822983560312,-28.9942244945807
2.97980063192992,-29.0869326670291
2.98137142825671,-29.1681578275131
2.98294222458351,-29.238126365984
2.9845130209103,-29.2972062729704
2.9860838172371,-29.34589605448
2.98765461356389,-29.3848099916119
2.98922540989069,-29.4146606811826
2.99079620621748,-29.436239892237
2.99236700254428,-29.4503987738301
2.99393779887107,-29.4580283645001
2.99550859519787,-29.4600412051106
2.99707939152466,-29.4573546699959
2.99865018785146,-29.45087643192
3.00022098417825,-29.4414922855342
3.00179178050505,-29.4300563871093
3.00336257683184,-29.4173838342038
3.00493337315864,-29.4042454107151
3.00650416948543,-29.3913642590469
3.00807496581223,-29.3794142075929
3.00964576213902,-29.3690194725336
3.01121655846582,-29.3607554618069
3.01278735479261,-29.3551504302221
3.01435815111941,-29.3526877630227
3.0159289474462,-29.3538086968279
3.017499743773,-29.3589153188782
3.01907054009979,-29.3683737158968
3.02064133642659,-29.3825171714606
3.02221213275338,-29.4016493349229
3.02378292908018,-29.4260473054678
3.02535372540697,-29.4559645919006
3.02692452173377,-29.4916339225683
3.02849531806056,-29.5332698907201
3.03006611438736,-29.58107142908
3.03163691071415,-29.6352241137981
3.03320770704094,-29.6959023026553
3.03477850336774,-29.7632711157547
3.03634929969454,-29.8374882692209
3.03792009602133,-29.9187057739043
3.03949089234812,-30.0070715119423
3.04106168867492,-30.1027307044395
3.04263248500171,-30.2058272836144
3.04420328132851,-30.3165051826442
3.04577407765531,-30.4349095561835
3.0473448739821,-30.5611879442308
3.04891567030889,-30.6954913916832
3.05048646663569,-30.8379755356326
3.05205726296248,-30.9888016722177
3.05362805928928,-31.1481378146984
3.05519885561607,-31.3161597543741
3.05676965194287,-31.4930521360555
3.05834044826966,-31.6790095600229
3.05991124459646,-31.8742377228011
3.06148204092325,-32.0789546096618
3.06305283725005,-32.2933917525432
3.06462363357684,-32.517795568115
3.06619442990364,-32.7524287920051
3.06776522623043,-32.9975720268193
3.06933602255723,-33.2535254235653
3.07090681888402,-33.5206105184897
3.07247761521082,-33.7991722502573
3.07404841153761,-34.0895811858986
3.07561920786441,-34.3922359882109
3.0771900041912,-34.707566162373
3.078760800518,-35.0360351257347
3.08033159684479,-35.3781436521696
3.08190239317159,-35.7344337514587
3.08347318949838,-36.105493055174
3.08504398582518,-36.491959794024
3.08661478215197,-36.8945284681381
3.08818557847877,-37.3139563321978
3.08975637480556,-37.7510708426119
3.09132717113236,-38.2067782455035
3.09289796745915,-38.6820735238747
3.09446876378595,-39.1780519723348
3.09603956011274,-39.6959227313955
3.09761035643954,-40
3.09918115276633,-40
3.10075194909313,-40
3.10232274541992,-40
3.10389354174672,-40
3.10546433807351,-40
3.1070351344003,-40
3.1086059307271,-40
3.1101767270539,-40
3.11174752338069,-40
3.11331831970748,-40
3.11488911603428,-40
3.11645991236107,-40
3.11803070868787,-40
3.11960150501466,-40
3.12117230134146,-40
3.12274309766825,-40
3.12431389399505,-40
3.12588469032184,-40
3.12745548664864,-40
3.12902628297543,-40
3.13059707930223,-40
3.13216787562902,-40
3.13373867195582,-40
3.13530946828261,-40
3.13688026460941,-40
3.1384510609362,-40
3.140021857263,-40
